6 174 2 380 3 499 841 17 227 23 196,0.0 1.0
6 174 2 53 335 81 1 672 2879 510,1.0 0.0
356 4235,1.0 0.0
64 699 1473 2380 17 440 205 7 258 1137 1 51 898,1.0 0.0
15 858 989 11 376 3321,1.0 0.0
10 148,0.0 1.0
98,1.0 0.0
64 29 1218 11 53 1672 17 1094 5 1111 2097 3 1183 17 164 585 1146,1.0 0.0
6 75 30 11 158 979 3 13 974,0.0 1.0
59,1.0 0.0
2942 3150 891 3533,1.0 0.0
3 186 3898 5 824 3 71 5 4 2428,1.0 0.0
1450 3178 1479 3740 388 3 92 1 41 3591 277 2736 167,1.0 0.0
6 2537 3080 7 549 3 4 754,1.0 0.0
34 224 78 1053 2108 36 2561 5 1192 906 4 256 2 3488,0.0 1.0
1693,1.0 0.0
453,1.0 0.0
88 8 888 68 7 197 2775 583 89 1454 2626 906 4 498,1.0 0.0
1643 194,1.0 0.0
10 148,0.0 1.0
954 313 1943 3583,1.0 0.0
15 30 11 4 2218 3 152 1 631 24 486,0.0 1.0
2 253 2 54 68,0.0 1.0
960 62 67 38 1 1415 1283 9 301 197 935,0.0 1.0
90 12 48,1.0 0.0
6 2953 1 2585 27 2 2279 2144 1 3226 165 581 3377,1.0 0.0
24 32 12 151 118 477,1.0 0.0
186 27 4117 5 2907 345 4 211 872 1819 763 4 1481 3 660,1.0 0.0
436 116 2477,1.0 0.0
521 2119,0.0 1.0
271 842 4276 1566 24 84,0.0 1.0
1719 5 4121 3211 1 3994 1 2207,1.0 0.0
182 1786 214 4347,1.0 0.0
6 860 256 1024 50 2226 530 1424,0.0 1.0
6 10 9 22 4034 50 158 1 1365,0.0 1.0
,1.0 0.0
180 3342 12 2338,1.0 0.0
1794 1026 17 245 45 1578,1.0 0.0
277,1.0 0.0
173 17 995 1552 33 97 4 1852 338 758 582 4 347 17 77 1 2 1370 2568 36 10 11 437,1.0 0.0
105 578 2 1351 315 153 176 268 42 1 8 27 1561,0.0 1.0
2132 3763 194 2116 142 4133 1310 652,1.0 0.0
102 179 202,1.0 0.0
15 30 11 53 68 732 2210 200 50 1956 1,0.0 1.0
52 968 290 3 2376 27 78 3513 35 2856 3210,1.0 0.0
90 3 2293 731 1 938 4 622 1130 1 101,1.0 0.0
856 425 232 381 1608 488 1360 4115 1619 3181 2792,0.0 1.0
708 3523,1.0 0.0
119 83 122 83 620 512 2628,1.0 0.0
4003,1.0 0.0
20 1369 1468 936,1.0 0.0
366 357 2 878 17 707 16 2937 286 3 878 2 170 698,1.0 0.0
519 3060 368 109 317 2110 74 19 132,1.0 0.0
1451 25 10 2 1621 1039 326 3 532 2,0.0 1.0
43 476 1240 1014 962 59 76 4229 1436 1233,1.0 0.0
4283 1465 4228 4148 2306,1.0 0.0
2020 204 1154 3411,1.0 0.0
903 955 646 33 339 873 223 9 4 461,0.0 1.0
928 2727 3876 25 597 74,1.0 0.0
55 12 1470 99 117 3598 3858 107,1.0 0.0
4298 247 2565 17 13 106 238 203 238 1453 442 74 19 1324 3270 2206,0.0 1.0
20 900 4109 1042 414,1.0 0.0
43,1.0 0.0
6 29 2408 11 1539 1 1161 156 9 56 50 460 830 458 531,1.0 0.0
1008 3275 211 196 832 4178,1.0 0.0
292 1614,1.0 0.0
6 2382 1296 1535 2592,1.0 0.0
1085,1.0 0.0
3012 1776 80,1.0 0.0
41 338 278 859 504 724 124 1040 1588 1503 531,1.0 0.0
352 79 106 235 1189 16 143 74 19 363 663,1.0 0.0
7 3475 957 2 4290 2620 1732 1774 4 55 5 3005 1 2798 5 51 2778,1.0 0.0
310 526,1.0 0.0
1192 548 346 211 3333 4 2643 3 1894 177 369 4 498 1481 7,1.0 0.0
1683 1496 31 84 1193 80,1.0 0.0
27 349 933,1.0 0.0
6 505 7 53 2237 479 9 335 233,1.0 0.0
90 17,1.0 0.0
3217 2120 650 1964,1.0 0.0
43 118 1758 2877 151 4130,1.0 0.0
157 261 5 8 1107 1501 706,0.0 1.0
2734,1.0 0.0
20 1625,1.0 0.0
6 30 2 1837 3471 235 1673 2 222 139 431 189 167 5 170 652,1.0 0.0
214 199 1115 2514 2084,1.0 0.0
257 483,1.0 0.0
1050,1.0 0.0
15 450 441 3566 117,1.0 0.0
207 1605,1.0 0.0
57 371 1577 417 371 575,1.0 0.0
6 815 294 121 3328 3 1320 17 2928 1638 2 1597 2641 400 7,1.0 0.0
,1.0 0.0
2283 149 2378 987 3092 1 1212,1.0 0.0
3128 3218 3063,1.0 0.0
1213 17 1474,1.0 0.0
18 876 1 719 83 1664 3855 7 3020 2838 2022 16 997 1960 5,1.0 0.0
2215 22 3 426 2 673 28 816 1 1281 2202,1.0 0.0
114 103 21,0.0 1.0
6 449 5 26 2 8 2103 276 4272 2466 932 499 127,1.0 0.0
314 181 47,1.0 0.0
,1.0 0.0
10 112,0.0 1.0
2765 1644,1.0 0.0
24 221,1.0 0.0
2030,1.0 0.0
55 84,1.0 0.0
312,1.0 0.0
757 46 17 45 757 751 649 757 149 2232 2482,1.0 0.0
634 1771 3595 8 523 501 78 134 144 3186 2 735 20,1.0 0.0
11 282 497 3426,1.0 0.0
456 1174,1.0 0.0
9 2570 2809 3372 1 1642 374 1 664 3735,1.0 0.0
3683 206 61 1278 4 792 865 4168 4202 1 3768,1.0 0.0
52 307 146 7 249 657 20 2 3933,1.0 0.0
434 553 3764 277 9 2553 3446,1.0 0.0
425,1.0 0.0
507 2066,0.0 1.0
551 500,1.0 0.0
372 2453,1.0 0.0
207 1556,1.0 0.0
64 1827 920 931 1078 9 4 192 272 5 132 149 931 7 313 3089,1.0 0.0
6 443 4 1114 3075 1 416 7 22 3311,1.0 0.0
3789,1.0 0.0
70 693 96,1.0 0.0
440 370 27 290 3 1565 27 3 2590 4006 2989 1565 479 3088 11,1.0 0.0
18 1188 441 2 1430 16 1655 4116 9 1928 3149 1074 3228,1.0 0.0
3482 3 439 215 63 1 418 292 196 1 993 44 5 185 3820 1059,1.0 0.0
4261,1.0 0.0
15 722 5 26 14 8 258 416 2 145 17 396 127 1 5 3573 424,0.0 1.0
3019 166 1168,1.0 0.0
20 723 21 490 323 1725 28 3543 21 171 222 2536 57,1.0 0.0
1 1499 1402 1488 185 1030 9 1443 555 1954 1206,1.0 0.0
15 10 2 54 110 3485 3402 1315 3944 1785 3317 1,0.0 1.0
412 1 3302,1.0 0.0
483 1384 4172,1.0 0.0
6 1123 51 2167 57 206 735 262 3714,1.0 0.0
,1.0 0.0
143 86 21 539,1.0 0.0
259 370,1.0 0.0
6 10 3 77 24 82 299,0.0 1.0
22 1 2448 29 14 8 13 47 16 377 2357 5 85 273,0.0 1.0
6 480 31 278 165 1967 2761 3676 1 4233 3 784 754,1.0 0.0
115 391 104,1.0 0.0
6 77 56 12 2741 3359 2493,1.0 0.0
5 26 2 8 145 127 78 1164 114 1 34,0.0 1.0
11 4 615 155 20 7 130 342 238 1054 664 980 2 378 1 1057 72,1.0 0.0
978 1325 193 83,1.0 0.0
524 3725,1.0 0.0
110 28 65 4014,1.0 0.0
6 1353 2 4037 1918 1 1225 196 2 8 623 2544,1.0 0.0
6 1195 130 926 3 180 726 5 3609 2678 2 4356 971 959 1 3812,1.0 0.0
851,0.0 1.0
142 1752 142 242,1.0 0.0
297,0.0 1.0
18 3295 38 948 1078 5 4 51 1178 17 3775,1.0 0.0
52 25 35 511 25 2550 511 25 455 1921 411,1.0 0.0
34 112,0.0 1.0
15 30 11 4 3073 4215 50 2041 3893 1 2927 3829,0.0 1.0
26 183,1.0 0.0
1983,1.0 0.0
519 110 368 109 170 4055 308 19 891 2501 102 2294 513,1.0 0.0
137 651 12 395 192 131 2245,1.0 0.0
6 75 30 11 158 979 3 13 974,0.0 1.0
119 142 172 19 377 663,1.0 0.0
6 219 8 27 3 2672 1 1041 1523 3 60 4 1570 16 4 2094 51 3988 1 1231 2675 2172,1.0 0.0
15 1857 2164 1769 1 8 27 416 9 25 26 1420,0.0 1.0
34 10,1.0 0.0
6 174 2 1585 4319 3984 758 3483 714 22 1,0.0 1.0
15 525,1.0 0.0
1047 2 845 689 1339 1460 1 1389,1.0 0.0
35 10,1.0 0.0
1224 17 1348 2534 66 218 474 247 5 2486 873 1139 1 3030 62,0.0 1.0
528 86,1.0 0.0
1878 3134 3214,1.0 0.0
114 370,1.0 0.0
3403 3323 1012 3822 2358 1012 765 214 2350,1.0 0.0
34 10,1.0 0.0
15 30 11 130 3630 3 45 2258 11 54 3221 2933 1444 3341,0.0 1.0
1025 107 2316 159 107 85 107,1.0 0.0
3392 44 75 3570 2524 3687 130 4177 5 4188,1.0 0.0
788 49 75 88 1207 7 3102 24 2000 24 1850 13 4098 1,0.0 1.0
1135 63 232 4032,1.0 0.0
35 312,1.0 0.0
15 53 1702 3951 5 3389 480 1 1023 4067,1.0 0.0
666 287 2233 3895 394 17 1403 1936 71 7 4078 1623 3490,1.0 0.0
1526 14 36 149 3 2821 13 98 3910 21 2152,1.0 0.0
3286 1198,1.0 0.0
283 2713,1.0 0.0
71 33 697 4208,1.0 0.0
6 820 1 3778,1.0 0.0
2074 1950 3440,1.0 0.0
3703 3753 162 2817 876 8 1234 11 1657 3 303 1990 4099 4 3830 11 610 1907 1 4194 2,1.0 0.0
588 2089 749 337 3841,1.0 0.0
2689 2187,1.0 0.0
6 2355 2 130 58 43 121 192 131 24 2831 1 1375 3334 238,1.0 0.0
2 4 140,1.0 0.0
1923,1.0 0.0
3964 4097,0.0 1.0
35 312,1.0 0.0
18 13 47,1.0 0.0
35 312,1.0 0.0
115 63 12 1072 2264,1.0 0.0
1874 381 1608 1052 798,1.0 0.0
6 252 11 10 2 53 2437 1554 1 1083 274,1.0 0.0
632 231 57 354 487 364,1.0 0.0
3682,1.0 0.0
356 1217 1343,1.0 0.0
1035,1.0 0.0
264 44 10 19 661 605 122 3 10 2 13 77,1.0 0.0
2827 59 76 1290 488 1311 420,1.0 0.0
29 14 36 291 13 47 2 628 288 106 203 2459 306 5 3419,1.0 0.0
855 1383 4282 3468 3203,1.0 0.0
6 768 1498 37 3 10 2 184 160 126 157 77 1,0.0 1.0
98 91 1443 73 2 1281 358 600 1 780 2169 2 123 2961 2047 2 3744 520 1,1.0 0.0
440 370 27 290 3 786 785 27 1 53 672 1 1141,1.0 0.0
213,0.0 1.0
6 10 29 11 1518 3980 21 171 23 338 1 1254 28 4018,1.0 0.0
114 3356,1.0 0.0
6 20 22 1 880 1060 4 398 4259,0.0 1.0
316 65 806 1687 45 1 3924 649 2 4110 1 2853 2787 44,1.0 0.0
20 464,1.0 0.0
15 188 29 14 54 23 48 7 3977 13,1.0 0.0
188 1245 14 8 478 89 3065 887 84 16 377 2960 306 1842,1.0 0.0
2067 388 3 861 79 21 217 3 324 714 481,1.0 0.0
13 47 447 3339 385 99 117 1058 3192 102 21 170 108,1.0 0.0
322,1.0 0.0
52 135 5 1385 110 3 1541 972 1371 3 657 1166,1.0 0.0
100 41,1.0 0.0
316,1.0 0.0
64 4223 2359 7 60 1137 2 4 140 243 1349 1 835 121 897 440 1805,1.0 0.0
93 3 1585 672 1096 68,0.0 1.0
4016 155 37 3 264 10 2 4 687 3 100 41 9 4 3792 11,0.0 1.0
430 331 368,1.0 0.0
29 11 36 786 1520 7 123 2490 1 3347 44 278 4 2843 374 16 886,1.0 0.0
1029,1.0 0.0
259 701,1.0 0.0
52 4292 126 22 1 237 3 423 54 3504,1.0 0.0
18 38 3 785 2415 1216,0.0 1.0
2600 454 177 8 217 3 61 31 456 1,1.0 0.0
161 334,1.0 0.0
34 112,1.0 0.0
163 124 683 124 985 2847 354 487 231,1.0 0.0
68 1 98 11 1259 1 1298 3234,0.0 1.0
6 867 1131 1547 209 1380 415 460 1654 458 232 1839 881 740,1.0 0.0
320 526 37,1.0 0.0
6 4074 9 101 3937 1368 27 328 1 482 2,1.0 0.0
6 10 5 26 11 158 4053,0.0 1.0
4092 565 871 2238,1.0 0.0
20 900 1076,1.0 0.0
15 25 248 17 227 42 1 315 25 10 2 185 1745,0.0 1.0
6 29 14 8 35 478 2 87 303 84 2313 80,1.0 0.0
779 1 3198,1.0 0.0
3454 73 2 65 23 91 1574 624,1.0 0.0
3182,1.0 0.0
56 514 4327 2818 2410 1993 1930 1169 1396 232 1726 152 466 285,1.0 0.0
729 291 13 47,1.0 0.0
15 403 2 100 41 9 3730 37 3 137 10 14 36 87,0.0 1.0
257,1.0 0.0
105 10 29 2 1156 681 303 486,0.0 1.0
6 2479 37 29 10 2 118 305 379 1 2147,0.0 1.0
267 153 248 42 1 10 2 53 3104 335 81,0.0 1.0
2200 3091,1.0 0.0
6 10 2 326 3 3265 1428 11 3197 1 30 11 318 130 3911,1.0 0.0
,1.0 0.0
18 578 2 28 4 378 233 2814 1 907 56 410 14 3688 1637,1.0 0.0
304,0.0 1.0
18 32 1 93 3 436 336,1.0 0.0
52 153 42 1 10 2 560 24 4081 9 58 1904 1186 24,0.0 1.0
111 1442 4 393 1038 980 33 2071 3433 1277 17 311 4 93,1.0 0.0
3153 48 89 1413,1.0 0.0
1540 2101 200 2333 1172 5 857 72 542 445 1540 532 1 4273,1.0 0.0
500 3678 2547 10 9 124 2629 2157 9 2844 1197 761 1 1648 3779,1.0 0.0
322 1 1676,1.0 0.0
1594 455 1361 79 1043 3335 14 13 947,1.0 0.0
3853,1.0 0.0
,1.0 0.0
630 669 9 2987 3 3604,1.0 0.0
372 3237,1.0 0.0
6 30 11 60 558 3 13 22 340 284 121 160 126,0.0 1.0
853 17 912,1.0 0.0
267 1429 3 324 23 16 194 1532,0.0 1.0
599 481 308 74,1.0 0.0
41 73 271 118 151 837 354 110 2498 774,1.0 0.0
6 25 176 268 1 248 334,1.0 0.0
15 309 37 1 566 260 3 10 2 32 1 22 3 13 68,1.0 0.0
567 7 593 2209 69 567 7 593 586 4231 69 567 7 593 3849 952 69 2520,1.0 0.0
1968 9 3996 2259 1 3069,1.0 0.0
6 1521 7 610 4262 895 88 1791 1697 3176 2 2216 3884 3639,1.0 0.0
35 312,1.0 0.0
26 183,1.0 0.0
1895,1.0 0.0
96 73 12 3819,1.0 0.0
4166,1.0 0.0
3416 206 1384 84 250 139 2042 1486 16 141 2407 13,1.0 0.0
2923,1.0 0.0
3881,1.0 0.0
799 3165,1.0 0.0
6 3675 282 2904,1.0 0.0
1970 1464,1.0 0.0
517,1.0 0.0
261 8 220 3 933 851,1.0 0.0
2478 196 2 1421 579,1.0 0.0
64 1793 4 3922 1508 21 241 78 60 664 3851 91 1054 1 78 60 3126,1.0 0.0
1830,1.0 0.0
10 148,0.0 1.0
271,1.0 0.0
1398 39 240 17 331 368,1.0 0.0
516 17 1163 1575,1.0 0.0
,1.0 0.0
92 1 41 663,1.0 0.0
18 307 1 1849 185 181 741 11 3415 3727 17 358 3640 220,1.0 0.0
80 21 3892,1.0 0.0
6 914 276 2001 5 51 96 1 35 759,0.0 1.0
52 348 805 1487 3 419 7 51 116 1 708 1471 7,1.0 0.0
896 43 17 1439,1.0 0.0
1677 272 243 459 4145 30 2 158 127 5 4274 1031,0.0 1.0
1867,1.0 0.0
52 25 252 11 10 2 3187 81 1 46 77 2 54 1 222,0.0 1.0
231,1.0 0.0
18 128 2 159 5 159 32 17 22 3 1966 31 936,1.0 0.0
3314 3646 1 428,1.0 0.0
180 1596 3105 46 2533 3680,1.0 0.0
64 643 2045 343 204 591 49 4303 343,0.0 1.0
119 113 1280,1.0 0.0
376 22 434 99 203 238 4073 74 19 85 506 21 13 47 3315,1.0 0.0
380 4 2660,1.0 0.0
6 115 391 168 17 2749,1.0 0.0
1046 2404 1026 1 872 187 3 45 1729 325,0.0 1.0
2145,1.0 0.0
838 749 2214 2523 1449 817 3292 2433 643 1855,1.0 0.0
1102 1142 1075 251 13 47 1601 172 19 85 506,1.0 0.0
320 2035,1.0 0.0
1592 3791 9 279 27 5 405 4 3066 1 20 184 7 4 1124,1.0 0.0
1091,1.0 0.0
87 79 99 117 16 363 172 19 85 273,1.0 0.0
686,1.0 0.0
18 618 2170 256 1024 1 582 3083,1.0 0.0
18 244 7 2668 4217 339 70 81 162 14 4 63 3560 154 244 7 380 98 1706,1.0 0.0
1815 86 19 132,1.0 0.0
489 21 2327 748,1.0 0.0
304,0.0 1.0
28 3691 470 613 109 4048 1 319 141 4200 3029 24,1.0 0.0
314 12 13 2642,1.0 0.0
20 750 711 46,1.0 0.0
6 10 9 3418 1699,1.0 0.0
15 174 2 60 558 3 398 121 126 3659 598,0.0 1.0
6 371 2009,1.0 0.0
1417 12 1912,1.0 0.0
588 3351 182 3620,1.0 0.0
2504 2 2268 3 4 39 4289,1.0 0.0
175 1145 492 74 21 85 107 1626 122 1087 513,1.0 0.0
26 10,1.0 0.0
1373 3399 3236 2978,1.0 0.0
25 38 3 72 1531 1 2277 924,1.0 0.0
42,1.0 0.0
39 240 1 3865 3613,0.0 1.0
205 12 1689 40 3079 198 3378 1 8 173 82 788,1.0 0.0
1744,1.0 0.0
24 43 3632 2982,1.0 0.0
3706 1 2754,0.0 1.0
1 9 1517 411 468 1 3963 872 8 187 3 8 424 1 3850 27 14 169,0.0 1.0
840 19 749 871 3461 3831 1779 577 3749 2002 80 19 3287 819 19 2589 2460,1.0 0.0
3209 404 489 1892 2908,0.0 1.0
2890,1.0 0.0
961 81 31 63,1.0 0.0
6 309 37 3 313 13 22 10,0.0 1.0
55 2610 2648 1911 1081,1.0 0.0
259 862,1.0 0.0
140 175,1.0 0.0
1522 123 1467,1.0 0.0
70 4002 228 69 59 76,1.0 0.0
584 29 14 35 1068 2 386 43 16 95,1.0 0.0
245 287 12,1.0 0.0
6 908 185 1991 641 1353 161 1 81 3185,1.0 0.0
193 83 3 83,1.0 0.0
3271,1.0 0.0
18 10 2 231 270 50 354 487 3655,1.0 0.0
6 719 4 254 146 400 266 201 5 4271 254 2662 2062 5,1.0 0.0
31 14 169 14 35 26 11 72 77 56 1 921,0.0 1.0
20 3932,1.0 0.0
6 219 27,1.0 0.0
595 450 1232 146 321 465,1.0 0.0
467 347 1 1489 2543 2696 7 4 1077 46 2639,1.0 0.0
6 390 1898 1988 2 3769 1086 409 1382 3771 181 473 33 1999,1.0 0.0
136 1 1445 9 1061 339 2918 202 1288 3 1057 1649 1 3434,1.0 0.0
317 108 19 539,1.0 0.0
1484 850 157,1.0 0.0
3056,1.0 0.0
2837,0.0 1.0
3269 637 1963 637 3430 1 451 281 3930 2149,1.0 0.0
139 12 103 204 2653,1.0 0.0
116 3253,1.0 0.0
6 768 155 37 3 264 44 10 14 8 48 29 11 131 1539 1 141 2467,1.0 0.0
3224 136 3 4 32 556 1 3081 237 633 7,0.0 1.0
1246 2601,1.0 0.0
361 3623 17 3344 927 4012,1.0 0.0
1939,1.0 0.0
15 747 904 2 2315 2 3846 1 654 295 231,1.0 0.0
,1.0 0.0
26 304,1.0 0.0
588 4246,1.0 0.0
1691,1.0 0.0
366 357 2 24 120 16 1870 2 2743 561,1.0 0.0
6 3248 1604 165 773 4058 81 45 1 443 1392 7 3681 2886 2755,1.0 0.0
356 1217 1343,1.0 0.0
357 2,1.0 0.0
1 22 3 925,1.0 0.0
15 28 428 1135 298 7 311 60 4 2387 3 4 4301,1.0 0.0
1136 112,0.0 1.0
64 908 3747 2527 33 1211 4 407 9 1205 31 1 826 2552 2228 5,1.0 0.0
264 183,1.0 0.0
274,1.0 0.0
74,1.0 0.0
10,1.0 0.0
41 338 278 859 504 724 124 1040 1588 1503 531,1.0 0.0
6 1170 97 3 13 22 340 284 3085 3738 1 13 77,0.0 1.0
4237 154 44 177 8 1194 1094 653,1.0 0.0
1572,1.0 0.0
49 125 3264 611 3 3743 489 7 8 3028 4361 2717 14 8 187 3,1.0 0.0
2912,1.0 0.0
1090 474 16 1133 2 2394 296 46 412 451 281 311 3 548 4102 2556 3161,1.0 0.0
1432 1432,1.0 0.0
34 10 21 75 264 2061 37 3 10 2 1448 310 1 188 29 11,0.0 1.0
105 478 14 41 3574 2 72 895,0.0 1.0
54 3536 32,1.0 0.0
594 3207 23 7 54 46 342 9 639 39 240,0.0 1.0
86 3213,1.0 0.0
15 713 776 1061 9 1401 20 3665 1 4310,0.0 1.0
83,1.0 0.0
3233 748 1910 4216 3445 303 3319 506,1.0 0.0
666 287 1896 4306 45 31 71 2310 198 666 287,1.0 0.0
6 137 96 19 103 204,1.0 0.0
4331 12 228,1.0 0.0
1000 3140 357 2 2043 1761,1.0 0.0
42,1.0 0.0
20 2922,1.0 0.0
32 298 12 1543 1033,1.0 0.0
335 233 1 623 173 223 9 889 135 3 359 1 2141 1106 61,0.0 1.0
64 359 897 585 1146 33 1313 279 734 5 1117 8 1106 671,1.0 0.0
1321 392 131 395 402 3971,1.0 0.0
42,1.0 0.0
4118,1.0 0.0
49 915 244 7 1244 81 31 855 987 2956 149 737 1,1.0 0.0
15 153 455 394 1 880 42,0.0 1.0
15 1199 37 10 11 192 58 1 54 4005,0.0 1.0
2241 3 869 717 289 777 1 4171 1798 4277,1.0 0.0
183,1.0 0.0
6 25 38 3 1834,0.0 1.0
1362 100,1.0 0.0
80 16 4344 74 19 85 3022,0.0 1.0
142 4297 11 2656,1.0 0.0
421 1301 2475 470 2704 4346,1.0 0.0
2793 274,1.0 0.0
18 244 7 1472 3 1045 17 219 4 808 3 2213 515 2 1802 1559,1.0 0.0
20 205 12 44 40 8 4143 82 55 20 66 348 4 100,1.0 0.0
189,1.0 0.0
3647,1.0 0.0
85 107,1.0 0.0
2377,1.0 0.0
1909 116,1.0 0.0
18 29 9 92 5 2389 4 1162 2029 3554,1.0 0.0
314 19 35 190 47 2497,1.0 0.0
140 3931 129 4 396 27 1 3329 4 791 269 3698 2323,1.0 0.0
170 2882 108 85 273,1.0 0.0
6 188 29 11 296 2458 296 46 1 688 4317,0.0 1.0
35 312,1.0 0.0
3288 177 313 365 37 3 10 2 4 662,1.0 0.0
4342 7 62 336,1.0 0.0
237 31 1 2324 44 2412 612 2551 243 72 141 1293 1,1.0 0.0
112,0.0 1.0
34 10,1.0 0.0
78 1104 659 2582 2 4 923,1.0 0.0
32 4338,1.0 0.0
316 2992 2528 161 1 2756 7 934 711 177,1.0 0.0
255 3 4 456 4330 122 3 760,1.0 0.0
,1.0 0.0
1410 1701 2554,1.0 0.0
6 1388 4 3136 3125 1350 82 293 5 2640 4275 794 1421 107,1.0 0.0
445 42 2 181 690,0.0 1.0
329 814 1 2901 62 2188,0.0 1.0
18 227 1618 1531 1 13 176 11 3355 924,1.0 0.0
207 3577,1.0 0.0
584 2340 2076,1.0 0.0
300 404 300 2753 31 1 266 753 889,0.0 1.0
2392,1.0 0.0
517,1.0 0.0
3804 28 59 1 1264,0.0 1.0
2212 1 2302 494 7 3013 3208 4113 2469 162,1.0 0.0
39 134 1362 129 3739 1377 1080 1 46 2409 65 433 139 40 1083 5,1.0 0.0
15 505 9 1404 983 537 1237 33 809 13 557 2 2374 7 1557 4,1.0 0.0
1413,1.0 0.0
1544 1069,1.0 0.0
5 189 4251,1.0 0.0
584 580 1 190 48 3 4 522 201 3 1226,1.0 0.0
764 95 21,1.0 0.0
6 2320 4 622 1130 1338,1.0 0.0
,1.0 0.0
,1.0 0.0
259 862,1.0 0.0
1032 37 3 10 2 1072 3349 192 58 554 1 23,0.0 1.0
35 42,1.0 0.0
903 955 646 33 339 873 223 9 4 461,0.0 1.0
93,0.0 1.0
453,1.0 0.0
15 5 3044 8 1784 3970 2 36 1253 140 1 529 4142 1627 2,0.0 1.0
6 10 9 1345 269 727 1 101 675 110 32 43,1.0 0.0
6 2162 1558 3900 2463 1971 1 411 468 9 229 495 1,1.0 0.0
13 47 1686 86 19 353 172,1.0 0.0
3240 4107 107 3 2295 3784,1.0 0.0
1188 441 2 100 41 17 92,1.0 0.0
799 1721,1.0 0.0
244 7 4 71 39 966 1 2492 223 9 3877 9 4,1.0 0.0
644 4068 4021,1.0 0.0
1050,1.0 0.0
892,1.0 0.0
127 12 225 118 602 151 475 228,1.0 0.0
809 13 84,1.0 0.0
3550 73,1.0 0.0
111 4 812 3062 2963 4 3909 11 2597 1 2715 3509 957 7 4 55,1.0 0.0
114 103,0.0 1.0
6 505 7 210 938 20 3704 21 51 825 4050 7 2624,1.0 0.0
6 137 2 58 4332 963,1.0 0.0
1514 2 3904 650 277 2 2430,1.0 0.0
22 284 5 940 8 25 29 496,1.0 0.0
20 205 12 44 40 36 1448 23 7 1938 804 848 66 40,1.0 0.0
403 21 324 275 1 92,1.0 0.0
4 224 3 4 461,0.0 1.0
216 815 294,1.0 0.0
111 30 11 2269 5 93 3 51 4008 2682 2993 4162 3191,1.0 0.0
2461,0.0 1.0
15 3817 1357 104 4042 950 3510,1.0 0.0
6 1514 846 533 9 179 202 16 194 1532,1.0 0.0
,1.0 0.0
4243 946 167 836 3255,1.0 0.0
20 370,1.0 0.0
34 1391 309 37,1.0 0.0
1036 568 49 75 8 2183 7 4285 1258 32 1 4 135 5 1821 4 586,0.0 1.0
517,1.0 0.0
6 1887 1295 1524 3497 2148 5 885 26 292 51 921,1.0 0.0
6 30 677 9 2889 5 164 8 3824 440 417 5 1734 39 727 16 293,1.0 0.0
52 87 413 141 173 156 9 1113,1.0 0.0
1047 2 845 689 1339 1460 1 1389,1.0 0.0
635 176 268 17 329 3441,0.0 1.0
1132 1 1616 65 23 40 1015 33 216 1044 14 169 14 246,1.0 0.0
44 183,1.0 0.0
446 43 3494 1073 1294 1097 452 417,1.0 0.0
3245,1.0 0.0
111 997 4 156 494 3 4 71 9 2070 1628 280 1778 45 3862,1.0 0.0
1071 382 3495 956,1.0 0.0
1866 1948 3796,1.0 0.0
4316,1.0 0.0
1338,0.0 1.0
133 150 391 460 2343,1.0 0.0
6 315 1167 37 3 10 2 13 32 1 213,0.0 1.0
643,1.0 0.0
425,1.0 0.0
25 38 3 395 45 3421 3289 2913 2841 137 4080,0.0 1.0
20 900 296 46,1.0 0.0
30 11 8 1393 211 2607 1 2454 3712 236 1942 1661,1.0 0.0
758 32 1 22 3 8 888 54 274 154 30 9 4,1.0 0.0
333,1.0 0.0
3257,0.0 1.0
6 38 345 13 233 3324 1 158 1334,0.0 1.0
2337 917 40 323 3 4 991 1205 1261 1282 17 46 554 4214,0.0 1.0
126 157 1367 622 38 3873 156 3576 1,0.0 1.0
205,1.0 0.0
6 107 3 1916 12 1646,1.0 0.0
968 489,1.0 0.0
65 23 40 73 5 3003 841 14 2967 281 1 596 14,1.0 0.0
2797,1.0 0.0
10 11 4 245 2985 44 1127 2 3723 2559 3 39 33 2291 4 39 245,1.0 0.0
176 393 3 2729 1763 641 1799 1212,1.0 0.0
1877,1.0 0.0
497 12 675 485 2 2260,1.0 0.0
646 1302 4136 309 827 29 11 65 2438 66 125 763 2 427 579 30,1.0 0.0
4226 765,1.0 0.0
1090 3048 318 2455 860 2468 32 2427,1.0 0.0
207 1556,1.0 0.0
34 10,1.0 0.0
5 26 2 197 1 145 839 3995 62 320 1 38 5 4 256 3 62 648 1,0.0 1.0
18 30 2 869 336,1.0 0.0
3716 1598 564 16 2135 2630,1.0 0.0
6 863 2 4 4056 2462 11 1328 3283 1 2096 2,1.0 0.0
64 2588 362 4 1508 284 159 5 159 7 4 1659 3442,1.0 0.0
164 4179 3721 9 4059 156,1.0 0.0
18 346 4 611 3 4 313 845 3220 21 4307 39 2583 1,1.0 0.0
83 3 365,1.0 0.0
1000 499 1831 277 189 698 1671 2791 179 202,1.0 0.0
94 341 389,1.0 0.0
3391 57 66 218 1631 60 490 68 1902 8 4222,1.0 0.0
65 189 660 144 3960 14 34 10 2016 2503 493 2191 2234,1.0 0.0
1291 1482 1067 19 1122,1.0 0.0
1203 345 29 2 700 1326 1 53 226 78 75 4,0.0 1.0
18 2298 3 418 1004 33 699 8 695 3661 1 804 3 237 1591 2 3552 82,1.0 0.0
,1.0 0.0
436 1055,1.0 0.0
6 1516 163 3538,1.0 0.0
3467 4186,1.0 0.0
6 10 2 1694 2557 84 2 4180,1.0 0.0
20 3401,1.0 0.0
729 13 47 1043 1149 85 2958,1.0 0.0
20 255 12 634 522 485 282,1.0 0.0
49 134 1915 2774 346 1980 16 143 108 19 317 1249,1.0 0.0
49 383 591 343 442 383 138 3750 49 502,1.0 0.0
4357,1.0 0.0
297,0.0 1.0
1070 726 1 5 2177 2637,1.0 0.0
6 756 16 3773 2560 553 2083 542 212 9 3307 3652,1.0 0.0
6 128 2 120 4 202 1312 1 70 32 1 361,1.0 0.0
110 368 109 891 3600 102 19 142 1822 167 4163 513,1.0 0.0
3871 147 2627 2395 21 2587 321 1 1440 448,1.0 0.0
35 320 736,1.0 0.0
6 3354 516 19 14 592 4 2936 508 1 134 144 4309,1.0 0.0
3095,1.0 0.0
1239 3 937 68 1 4238 3 2 3053 24 274,1.0 0.0
650,1.0 0.0
430 331 3658,1.0 0.0
760,1.0 0.0
27 349 12 155,1.0 0.0
2701 2 3006,1.0 0.0
6 641 4 2935 3 549 3 4 754,1.0 0.0
6 137 651 12 402 192 58,1.0 0.0
35 10 148,1.0 0.0
1 2690 215 2924,1.0 0.0
7 195 149 129 36 1789 2788,1.0 0.0
3888 2902 1949 3651 162,1.0 0.0
626 2840 3244 2612 1731 307 346 781 57 7 4 574,1.0 0.0
795 2 3235 2731 9 104 743,1.0 0.0
164 298 2898 17 2502 595 25 155 67,1.0 0.0
212,1.0 0.0
326 56 3250 4004,1.0 0.0
6 1438 2679 26 3815 1 2418 5 503 1 2028 2253,0.0 1.0
257 1 34 38 7 3836 329 2289 14 169 14 62 1957,0.0 1.0
3096 2105 30 11 3177 43 50 2748 2795 151 541,0.0 1.0
472 337 19 2117,1.0 0.0
795,1.0 0.0
3805 7 684 4 3098 91 2122 4070 5 195 3925,1.0 0.0
6 32 1 213,1.0 0.0
90 13 47 19 41,1.0 0.0
4079,1.0 0.0
43 476 69 475 151 624 559 113 4266 208 24 253,1.0 0.0
6 25 97 3 141 137 96 50 4135 1 4161,0.0 1.0
18 397 4 2098 3 4 1888 294 7 4 122 2222 89 1177 41 146,1.0 0.0
3424,1.0 0.0
981 1345 4220,1.0 0.0
3885,1.0 0.0
720 1795 5 62 249 224 14 169 14 224 3 4 140,0.0 1.0
6 1498 37 3 10 2 29 2 192 4329,0.0 1.0
2134 846 533 3258,1.0 0.0
6 93 3 293 884 2 282 28 1046 2021,1.0 0.0
2807 156 3 4 180 31 2521,1.0 0.0
18 3673 3 185 1257 808 2 1162 1816,1.0 0.0
,1.0 0.0
90 17 333,1.0 0.0
67 23 627,0.0 1.0
58 1121 452 802 637 1250 1366 943 69 1590 695,1.0 0.0
64 45 4044 1 29 677 9 328 11 484 3 4 407 19 1633 328 1 272,1.0 0.0
183,1.0 0.0
15 649 3 601 56 410 14 1170 3305 10 2 53 23 28,0.0 1.0
372 767,1.0 0.0
3435 567 7 593 2032,1.0 0.0
6 1985 1165 1302 60 11 3436 2451 3 2591 1 1517,0.0 1.0
430 331 48,1.0 0.0
1602 1645 1 164 2091 2036,0.0 1.0
438 8 239 5 1027 62 42 1 38 2 4 256,0.0 1.0
26 10,1.0 0.0
23 19 4069,1.0 0.0
71 1675 535 3674,1.0 0.0
3617 1 20 3032 473 3724 421 3868 11 158,0.0 1.0
386 43 3110 13 1064 1998 528 242 5 132,1.0 0.0
3425 1242 98 2185 2671 2230 16 534 74 19,1.0 0.0
4 254 1527 1288 5 3553 1208 361 36 3599 2 4 79 2033,1.0 0.0
70 693 651 59,1.0 0.0
819 1596 3112,1.0 0.0
1208 348 639 110 1486 5 4 2014 14 187 3 65 764 280 807 51,1.0 0.0
160 123 4351 1241 300 1 927,1.0 0.0
3939 438 7 8 239 2 55 1028 1 404 31 5 939 62 34 10 1 26 7,0.0 1.0
52 361 4224 1 1355 4182,1.0 0.0
6 4152 581 4029 11 480 1147,1.0 0.0
4083,1.0 0.0
3363 1730,1.0 0.0
10 148,0.0 1.0
1247 3 36 140 493 49 1796 144 11 8 2391 129,0.0 1.0
6 165 877 7 712 81 2 1746 3 4291 129 911 2517 1 484 911 1958 583,1.0 0.0
180 19 4255,1.0 0.0
15 88 215 59 727 28 634 392 248 835 1 645,0.0 1.0
4219,1.0 0.0
157 261 5 8 1107 1501 706,0.0 1.0
6 25 319 5 45 571 1 3983,0.0 1.0
154 73 56 50 3539 631 110 1 3035 7 439 2742 2369 1 81,0.0 1.0
618 741 3 4314 615 429 4 615 91 1738 206 1062,1.0 0.0
24 41 225 151 58 629 58 953 3786 1456 3448 541 24 3913,1.0 0.0
742 597 108,1.0 0.0
2432 122 2240 1174,1.0 0.0
5 1426 4 145 239 2 13 409 78 616 1414 1632,0.0 1.0
115 1704 38 3 606 950 1 168 924,1.0 0.0
1381 1 362 907 3 301 3 327 1314 5 474 1037,0.0 1.0
1136 112,0.0 1.0
6 263 58 3827 305 1202,1.0 0.0
10,1.0 0.0
1900 2419,1.0 0.0
2 4 687 3 222 806 22 2328 2322,0.0 1.0
18 4030,1.0 0.0
180 12 3529,1.0 0.0
103,0.0 1.0
1593 707 106 235 847 79 1285 2962 1119 14 13 47 1801,1.0 0.0
6 397 4 256 20 294 2 1450,1.0 0.0
6 1163 1575 19 83 1280,1.0 0.0
191 12 110 126 166 126 2983 110 126 39 752 160 110 3124,1.0 0.0
1530 594 19 2897,1.0 0.0
86 5 85 273 29 11 271 208 624 151 118 793 2050 617,1.0 0.0
140 12 3685 738 106 203,1.0 0.0
119 113 260,1.0 0.0
265 1716 51 347 1 3833 2 4 544 501 4279,1.0 0.0
3748 2769 2356 22 3 2271 1 4076 925 2 3601 717 2740,1.0 0.0
52 120 870 3375 7 46 1 1913,1.0 0.0
6 219 27,1.0 0.0
18 32 1434 385 28 614 57,1.0 0.0
6 55 1028 1 784 469 33 641 1258 778 3 1118 165 7 60 1124,1.0 0.0
15 25 10 2 184 136 1 120,1.0 0.0
280 73 4 2250 43 7 3515,1.0 0.0
52 210 236 250 374 794 570 27 7 158 22,1.0 0.0
18 59 1108 70 4176 1 70 31,1.0 0.0
1092 3567 1092 2179 535,1.0 0.0
3460,1.0 0.0
314 12 13 48,1.0 0.0
257 370,1.0 0.0
1682 133 150 3772 69 2405 133 150,1.0 0.0
30 2 4 22 3 973 1 965 7 4 574 125 187 3 32 1,1.0 0.0
696 1480,1.0 0.0
148,0.0 1.0
1395 209 1 1859,1.0 0.0
175 2638 172 21 353 306,1.0 0.0
54 1 4212 8 888 2007 91 860 5 26 1876 4 574 29 11 4,1.0 0.0
6 120 1022 5 443 3961 461,1.0 0.0
799 767,1.0 0.0
18 2623 23 380 2 327 98 28 2966 36 171 2099 380 1555,1.0 0.0
753 772 656 4269 3 790 454 177 369,1.0 0.0
1263 1 1171,1.0 0.0
2383 43 377 102 1129 652,1.0 0.0
48 109 61 731,1.0 0.0
214 2738,1.0 0.0
239 1038 3107 1 396 1513 493 1161 224 1 197 91 792 3 3903,0.0 1.0
34 10,1.0 0.0
15 22 12 446 1268 3452 3077 3947 417 572,1.0 0.0
1357 944 3298 59,1.0 0.0
1328 20 10,1.0 0.0
30 11 72 116 5 302,1.0 0.0
90 792 1524 3660 745 206 4352 4240 280 3586 5 144 8 4060 385 7 60,1.0 0.0
1344 14 1228 2893 40 11 22,1.0 0.0
922 1634 3972 2205 1 4210,1.0 0.0
252 11 10 11 77 56,1.0 0.0
46 12 2449,1.0 0.0
3137,1.0 0.0
483 887 852,1.0 0.0
119 113 620,1.0 0.0
6 26 401 2899 35 38 3 1484 1 4 325,0.0 1.0
3926 476,1.0 0.0
6 1579 37 3 10 2 160 22 1 580 3 13 3802,0.0 1.0
3593 2173 2526 1733 4051 363 86 19 85 273,1.0 0.0
214 1620,1.0 0.0
364 46,1.0 0.0
1 601 3 1379,1.0 0.0
142 3992,1.0 0.0
18 29 14 187 3 4 520 84 325 280 302 98 66 474 2 444 919 31 17 3108 327,1.0 0.0
2276,1.0 0.0
6 2930 3366 2 3444 737 1 2017,0.0 1.0
308 3627 1922,1.0 0.0
291 13 2465 2136,1.0 0.0
4 45 2 783 1441 1 3657 3541,1.0 0.0
3991 838 2540,1.0 0.0
422 587 680,1.0 0.0
70 87 1491 228 2457,1.0 0.0
43 50 271 602 118 1052 774 1 2480,0.0 1.0
65 2446 40 5 2790 782 2 147 3427 2159 2139 162,1.0 0.0
632 777 4326 1260 3823 197 1260 1423 777,1.0 0.0
837,1.0 0.0
100 41 17 92 1138 122 2181 1203 2,0.0 1.0
18 188 2964 14 220 178 89 341 389 16 3697,0.0 1.0
1929 43 3575 1193 80,1.0 0.0
609 134 2126 62 686 1248 4 1245 49 75 1387 91 2143 1248 1997 1629 3549,1.0 0.0
3788 138,1.0 0.0
255 4221 2048,1.0 0.0
3232 2434 99 2683,1.0 0.0
20 255 95 2344,1.0 0.0
115 98 12 104 743 104 2969 104 933,1.0 0.0
6 1409 10 2 141 82 759 50 1978,0.0 1.0
1346 1 333,1.0 0.0
6 661 605 122 3 264 10 2 13 77 1 233 3709,0.0 1.0
18 473 4 2698 1684 1 518 2363 1060 4 1992 9,1.0 0.0
34,1.0 0.0
207 2174,1.0 0.0
1005 46 849 1020 836 963,1.0 0.0
3526 728 536 268 4191 2725,1.0 0.0
111 1542 136 11 4072 1235 2720 3545 2860 5 1604 347 865 2845,1.0 0.0
6 397 26 1320 853 16 27 1011 1 20 2244,1.0 0.0
24 84 1547 1375 3316,1.0 0.0
674 3099 212 122 3 760 2160,1.0 0.0
6 174 9 2707 17 1010 419 1 75 1387 22 28 962 24 540 3168,0.0 1.0
217 3 92 2655 4149 2 100 861,1.0 0.0
352 79 106 235 1189 16 143 74 19 363 663,1.0 0.0
39 4 1002 5 1461 4 349 3 4 800 454 2538 5 771 583 2948 4 1714,1.0 0.0
1559 342 7 3707 2080 4 3736 2286 91 660 3357 4 800 40,1.0 0.0
914 8 153 135 5 573 2370,0.0 1.0
6 236 659 1974 3 427 545 1477 1172 5 3256 857 1905 88,1.0 0.0
4 103 3 65 20 40 5 1813 3219 17 1098 81 3 4 930 23 332 3869 3480 4052,1.0 0.0
263 131 550 1545 563 45 571 1,1.0 0.0
18 780 1783 223 72 1221 3 22,1.0 0.0
304 112,0.0 1.0
403 308 3800 1134 35 823 3732,1.0 0.0
18 279 9 159 185 5 1838 1 132 4 32 1 93 1512,1.0 0.0
6 174 2 1820 68 2 2830 19 3637 141 2263,1.0 0.0
6 96 942 1447 58 629 602 2926 395 3406,1.0 0.0
2799 1 301 1445,1.0 0.0
6 1931 2 275 16 382 2 599 9 1947,1.0 0.0
22 325,1.0 0.0
133 150 1804 3458 3087 3746 3555 460 744,1.0 0.0
67,1.0 0.0
62 1452 14 36 216 1056 2 65 20 125 5 26 11 348 426 2 2351 1340 5,1.0 0.0
6 319 5 681 1109 448 1 543 310 1112,0.0 1.0
,1.0 0.0
,1.0 0.0
1381 1 362 907 3 301 3 327 1314 5 474 1037,0.0 1.0
175 12 353 242 19 810 242,1.0 0.0
1435 40 147 246 226 1101 299 66 412 5 358 246 360 739,1.0 0.0
6 190 2808 848 2555 3811 5 939 165 1 233 190 772 3857 2166,1.0 0.0
931 1262 9 2371 1183 5 241 8 2095 2972,1.0 0.0
436 116 12,1.0 0.0
6 75 229 161 1 4025 511 870 1 2375 5 51 2223 1558,0.0 1.0
119 83 37 95 620 512 113,1.0 0.0
280 2251 1536 1817 2657 1854 38 3 232 3476 1439,0.0 1.0
345 4 94 1 195 679 486,1.0 0.0
3337 770 3642,1.0 0.0
95,1.0 0.0
15 88 215 70 4281 50 1615 1125 1372 1243 1,0.0 1.0
6 135 5 1586 3491 16 45 1 3672 4153,0.0 1.0
630 1151,1.0 0.0
1823 5 667 4 3752,0.0 1.0
96 131 285,1.0 0.0
1 75 1768 984 37 3 10 29 1 702 9,0.0 1.0
1346,1.0 0.0
1256 2806 16 1155 5 362 1 1858 9 4 1256 2186,1.0 0.0
90 12 13 47,1.0 0.0
2794,1.0 0.0
249 1 257 1537,1.0 0.0
6 1409 10 2 39 240 1 446 22 3 171 98,0.0 1.0
1403 7 1861,1.0 0.0
2474 4015,1.0 0.0
214 1620,1.0 0.0
356 1841 509 1576 199 3144 2981 2677 2866 199 2784 1115 2919 2832,1.0 0.0
6 4047 5 3919 3 57 73 33 171 23 3619 21 8 3277 448,1.0 0.0
916,1.0 0.0
114 103,0.0 1.0
30 14 1613 89 1006 41 1337 80 16 317 3921 108,1.0 0.0
2854 190 7 459 3146,1.0 0.0
3959 115 855 654 295 1351 136 1 32 3,1.0 0.0
112,0.0 1.0
2064,1.0 0.0
13 77 34 182 3866,1.0 0.0
42,1.0 0.0
2182 1041 611 3 877 1 1546 3 215 527 2193,1.0 0.0
20 2124,1.0 0.0
2361 3938 1 53 51 61 2491 1 825 4336,0.0 1.0
4043,1.0 0.0
6 13 47 89 697 470 80 3242 19 1567,1.0 0.0
2751 5 61 2633 296 688 2909 39 218 1583 16 4009,1.0 0.0
2887 23 40 164 11 691 14 3799,1.0 0.0
910 283 1696,1.0 0.0
22 469 3 130 68 14 169 14 173 3278 2026 5 4 1185,1.0 0.0
90 17 333,1.0 0.0
138,1.0 0.0
14 178 230 62 90 40 5 19,1.0 0.0
6 1521 2 538 4090 705 1647 2439 1497 1304 1 2722,1.0 0.0
18 120 1 582 423 866 28 1549 604,1.0 0.0
7 1430 1497 3011 772 1173,1.0 0.0
34 10,1.0 0.0
5 503 1382 186 773 1 746 825 2 36 2732 2290,1.0 0.0
65 23 40 5 746 3587 3765 129 1890,1.0 0.0
23 551 1550,1.0 0.0
6 639 10 2 1630 21 1569 2115 1509 1 2849 21 1544 1069 1 2695,1.0 0.0
3296,1.0 0.0
119 3193 260,1.0 0.0
257 1480,1.0 0.0
528 86,1.0 0.0
105 88 1554 3385 28 225 208 58 629 151 285 1 2705,0.0 1.0
18 721 62 346 71 3423,1.0 0.0
63 38,1.0 0.0
110 48 4082 242 21 132,1.0 0.0
540 1010 627,1.0 0.0
422 587 680,1.0 0.0
551 587 4075 587 1510 928 3320,1.0 0.0
6 63 47 89 2195 80 1567 19 1617,1.0 0.0
6 3635 2892 4195 9 3470 1 135 5 26 553 3227 2 8,0.0 1.0
6 390 216 815 294 2 1595 146 7 219 834 1049 21 36 1563,1.0 0.0
642 1354 3 101 27 482 378 667 934,0.0 1.0
843 204 608 59 608 168 433 1209,1.0 0.0
6 10 3 77 253 28 152 55,0.0 1.0
751 3794 67 796 3 4 211 1 101 1512 33 1219 60 100 39,1.0 0.0
644 4263 1182,1.0 0.0
1526 14 36 149 3 1316 43 3231 21 2833,1.0 0.0
42,1.0 0.0
21 2011 16 610 388 3 300 2156 1665 86 1431 1863,0.0 1.0
13 47 353 172 19 132,1.0 0.0
916,1.0 0.0
1298 2664 3043 2915 874 766 67,1.0 0.0
96 2063 4340,1.0 0.0
6 97 4 72 3522 1891 1 791 269 4131,1.0 0.0
55 2578,1.0 0.0
6 30 11 60 558 3 13 22 340 284 121 160 126,0.0 1.0
103,0.0 1.0
5 3986 8 145 239 2 4 44 409 129 66 62 648 1 10 134 144,0.0 1.0
3636 367 2716 3199 3449 2667 2574,1.0 0.0
263 131 550 1545 563 45 571 1,1.0 0.0
4206,1.0 0.0
3810 330 1872 4350 87 48,1.0 0.0
52 1893 19 408 526 19 547 3200,1.0 0.0
139 12 103 204 2163 476 1233 3797,1.0 0.0
1317 25 479 67,1.0 0.0
6 1542 72 3859 1 2659 945,0.0 1.0
6 302 8 61 3322 1 186 4258 7 4 262 78 2776 2801 3 94 186 814 1 3496,1.0 0.0
193 95 3 365,1.0 0.0
6 30 2 1595 146 106 235 80 431 143 108 5 534 86 2 222 510,1.0 0.0
193 83 3 365,1.0 0.0
552 668,1.0 0.0
2 36 522 1951 646 226 2476 130 926 1 1349 3 226 9 72,1.0 0.0
24 48,1.0 0.0
4086 4104,1.0 0.0
35 178 447 341 1568 4062 1009 492 1149 132,1.0 0.0
15 449 5 1276 54 1456 288 50 2803 1377 180 1 4139,0.0 1.0
271 208 231 10 19 155 1412,0.0 1.0
18 864 5 302 1441 841 5 76 455 129 572 109 2401,0.0 1.0
111 3628 812 11 3212 4260 1 71 3629 7 266 27 3 4 55,1.0 0.0
696 1 4 3164 3007,0.0 1.0
756 1479 4100 1296 3837 956,1.0 0.0
61 184 1 35 556 1 1961 4 3472 2 4 1300,0.0 1.0
297,0.0 1.0
976,1.0 0.0
291 71 1307 509 2189,1.0 0.0
262 2510 1 1111 329 1308 1224 5 185 173 9 4 135 5 241,0.0 1.0
124 24 76 25 4253 67,1.0 0.0
642 740 7 1433 893,1.0 0.0
57 2802,1.0 0.0
217 3 61 31 1846 538 3 31 308,1.0 0.0
15 38 2 3407,0.0 1.0
595 418 146 36 352 94 317 599 19 189 102 21 113 37,1.0 0.0
1594 161 106 203 2584 79,1.0 0.0
20 1236,1.0 0.0
251 186 1 266 1538 875,1.0 0.0
6 713 2396 5 289 2594 704 1 885 51 625,0.0 1.0
18 32 1434 385 28 614 57,1.0 0.0
322,1.0 0.0
,1.0 0.0
4 23 2614 8 491 82 2611 1628 4 39 218 816 4 619 2 4,1.0 0.0
13 947,0.0 1.0
381 3756 2347 1747 796 45 1 4040 2423,0.0 1.0
18 1180 4035 32 17 22 3 116 11 3318 824 410 14 1636 2403 2980,1.0 0.0
30 11 8 220 3 51 2676,1.0 0.0
366 993 20 355 198 166 1756,1.0 0.0
18 797 2300 827 5 712 405 1 3325 215 35 899,1.0 0.0
64 2735 328 1 272 11 937 3111 2 130 393 5 241 3052 9 4 2464 3 4,1.0 0.0
552 668,1.0 0.0
,1.0 0.0
3004 1238,1.0 0.0
15 53 2773 953 28 1808 3195 1 673 305 1202,1.0 0.0
13 42,1.0 0.0
6 234 664 35 190 5 27 482 429 3852,1.0 0.0
1454 4 1234 125 4011 33 4 1253 1610 2006 3 3936,1.0 0.0
34 319,0.0 1.0
195 546 715 2 1782 2760 2780 3518 715 5 3183 1 101 486,1.0 0.0
3162 2106 5 1428 8 3839 1669 2999 245 2636 7 691,1.0 0.0
102,1.0 0.0
90 220 178,1.0 0.0
222 35 178 9 8 153 920 11 359 171 274 49 302,0.0 1.0
39 10 243 490 323 806 1 60 101 68 11 1727 5,1.0 0.0
1525 2121 3017 162 2925 121 2353 2644 2998 2107 1 3694,0.0 1.0
3206 79 535 2652 2229 535 3648,1.0 0.0
588 2525 1246 3669,1.0 0.0
779,1.0 0.0
721 1376 682 7 3131 3990 1 2681 2038 3 193 11 2796,1.0 0.0
818 4337,1.0 0.0
892,1.0 0.0
198 355 21 32 523 173 17 995 1552 33 97 4 141 4189 350 1 527 63 338 410 14 12,1.0 0.0
320 736,1.0 0.0
14 592 1505 2483,1.0 0.0
6 315 1167 37 3 10 2 13 32 1 213,0.0 1.0
25 38 3 13 77 2506 13 22 603,1.0 0.0
70 21 420,1.0 0.0
1 761 4241 625,0.0 1.0
6 177 229 864 3 176 268 1 248 334,0.0 1.0
647 311 298 428 1,1.0 0.0
2335 40 2896 179 451 1105 201 1348 5 2247 1 1580,1.0 0.0
3787,1.0 0.0
3365 1969 875 1635 4140 86 5 918 2441,1.0 0.0
52 87 413 141 173 156 9 1113,1.0 0.0
202,1.0 0.0
6 10 3 655 110 28 4013 57 9 560 1811,0.0 1.0
3331,1.0 0.0
2975 1103,1.0 0.0
6 1255 51 1178 7 3154 3905 4209 545 5 857 3294 5 977 4071,1.0 0.0
6 948 3774 355 9 4 61 22 27 11 856 1147,1.0 0.0
144,1.0 0.0
3390 25 670 67,1.0 0.0
762 308 19 810 167 21 291 13 2261 84 99 235 80,1.0 0.0
15 5 720 129 4 1478 42 5 4 94 1 1323 223 9 4 461,0.0 1.0
1467 374 1 405 4 1705 3 923 454 177,1.0 0.0
214 199 2606,1.0 0.0
1013 199 4225 182 2562,1.0 0.0
6 24 23 22 2402 46 342 40 8 153 852 3728 351 17,1.0 0.0
2406 4334 392 1622 3204 2158 1169 166 3945 373,1.0 0.0
31 66 3875 782 5 75 523 1276 5 195,1.0 0.0
6 128 2 4 640 1 778 3 4 181 741 28 994 488 2771 82 11,0.0 1.0
15 25 38 11 2532 3254 1265 3205,0.0 1.0
64 88 8 564 4313 1 36 4000 421 220,1.0 0.0
34 183,1.0 0.0
324 42,1.0 0.0
267 137 2 4 1352 96 836 1 1767,1.0 0.0
270 12 4205 1574 1344,1.0 0.0
18 120 1 582 423 866 28 1549 1882,1.0 0.0
6 10 3 77 24 23 1 70 9 4128 293 1728,0.0 1.0
139 12 476 1 59 76,1.0 0.0
273,1.0 0.0
1277 508 2413 3612,1.0 0.0
2535 1096,1.0 0.0
912,1.0 0.0
101 43 1770 2208 3565 399,1.0 0.0
912,1.0 0.0
265 184 1273 32 1 213,1.0 0.0
6 10 2 564 1 797 272 2 3166 1 276 589 1326,0.0 1.0
41 12 1814 367 59,1.0 0.0
3300 188 29 14 4045 344 3297 2 4084,0.0 1.0
867 1201 152 986 631 152 868,1.0 0.0
111 4265 165 2027 243 1019 7 36 147 785 17 662 3024,1.0 0.0
115 98 168 3590 104,1.0 0.0
70 163 87 2023 69 59 76 3229,1.0 0.0
237,1.0 0.0
6 569 1210 3 324 414 34 9 309 37 155 260 1352 10,0.0 1.0
34 183,1.0 0.0
55 12 2880 3008,1.0 0.0
3369,1.0 0.0
737 17 279 734 1 431 2018 75 369 219 4 2971 1347,1.0 0.0
15 359 46 68 82 11 54 1 58 921,0.0 1.0
24 678,1.0 0.0
840 12 3273 2118 3889 2005,1.0 0.0
279 2616 3699 261 8 3589 290 27 3201 2 130 905 2944 3532 14 36,1.0 0.0
249 1422,1.0 0.0
2296,1.0 0.0
83 109 113,1.0 0.0
1254 56 3252 820,1.0 0.0
105 1066 44 34 9 2236 37 3 790 4201 3 261 1 53 336,0.0 1.0
6 70 2398 163 87,1.0 0.0
18 30 14 8 446 48 2442 1 88 36 621 2500,1.0 0.0
730 1668 3 10 2 71 157 1 44 146 2957,0.0 1.0
4181 742 766 67,1.0 0.0
6 217 3 41 1289 275 1 1709 16 3535 2 4348,1.0 0.0
18 30 7 71 902 2452 63 3241 44 1127 1099 3159 195 480 3486 1 573 101,1.0 0.0
9 1194 68 7 562 752 4173 2034 262 536 2530,1.0 0.0
307 485 1 88 36 147 149,1.0 0.0
1593 707 106 235 847 79,1.0 0.0
15 49 38 1425,1.0 0.0
56 1986 4114 3312 166 828 2331 2647 2349 2911 76,1.0 0.0
24 43 225 208 3173,1.0 0.0
2874 1865 3417 1483 1 1688 1 3152 77 3 36,0.0 1.0
41 3330 733 1431 9 179 829 2580,1.0 0.0
2456 1 1979 34 9 113 2888 10 2 393 3 61 157 186,0.0 1.0
23 5 8 3615 282 4321 2649 1611 3276 9 1110 49 125 198 71,1.0 0.0
101 288 50 3957 3 2055 840 548 1989 2947,1.0 0.0
565 1179 21 147 1666 63 7 1319 3901,1.0 0.0
52 135 5 596 781 1079 1 432 9 544 467 603,1.0 0.0
258 1171,1.0 0.0
35 42 373 658 24 540 104 161 408 1082,1.0 0.0
1500,1.0 0.0
624 163 3190 162,1.0 0.0
2069 533 3343 2088 388 3 41 2645 3409 102,1.0 0.0
257 862,1.0 0.0
115 63 1396 376 4065 2593,1.0 0.0
20 1364 3014 8 2385 1034 414,1.0 0.0
1305,1.0 0.0
15 797 1 3668 421 5 2384,0.0 1.0
10 112,0.0 1.0
30 14 8 883 570 47 9 3160 1242 98 117 847 16 170 108 5 143 74,1.0 0.0
18 315 95 122 2777 3 44 10 2 4 687 3 53 13 23 28,0.0 1.0
3477 2674 3 2572 16 3531 823 2613 3835 9 2997,1.0 0.0
115 98 12 606 168,1.0 0.0
18 2282 3364 876 1 3679 72 705 2 87 902 50 2495 1304 3562 149 890,1.0 0.0
1440 2848 1586 730 812 1 1065 3051,1.0 0.0
234 8 25 384 427 1329 1581 1399 7 1120 1582 813,0.0 1.0
115 98 606 168,1.0 0.0
6 1123 3597 803 17 2312 471 5 503 2669 3398,1.0 0.0
43 12 330 54 1457 1 1833,1.0 0.0
56 514 3393 2654 3559 232 4096 1 1908 2697 2054,1.0 0.0
103 36 54 48 2658 2718 5 26 7 8 94 9 700 671 1,0.0 1.0
1173,1.0 0.0
430 331 47,1.0 0.0
2867 3584,1.0 0.0
1091,1.0 0.0
267 234 725 190 1 2617 5 1710 14 1 429 633 2 4,1.0 0.0
148,0.0 1.0
1084 5 26 1 807 62 38 2 36 44 140 5 1722,0.0 1.0
3180 1292 1624 459 96 93 3588,1.0 0.0
64 45 136 1 1926 21 1225 4 4193 9 60 328 33 216 1262,1.0 0.0
105 191 2 3755 2 58 223 9 2883 219 28 3338 625,0.0 1.0
3037,1.0 0.0
267 1528 8 1150 7 351 213,0.0 1.0
15 438 8 239 2 409 78 218 234 8 25 114 224,0.0 1.0
960 62 67 38 1 1415 1283 9 301 197 935,0.0 1.0
6 30 11 379 2 130 96 21 1447 944 305 3828,1.0 0.0
6 719 1 3474 36 2870 90 2 4 3141 2710 20 1 125 4 2563,0.0 1.0
2764 2082 2558 1 1118 1 269,1.0 0.0
3071 163 3949 1227,1.0 0.0
1317 7 4120,1.0 0.0
290 3 8 27 3 113 1341 576 1332 4 554 7 72 3225 2869 2508,1.0 0.0
277,1.0 0.0
55 22 583 348 3376 2114 7 24 4345 562 1 46,1.0 0.0
15 1495 38 226 99 117 194 19 30 14 251 230 16 142 167 5,1.0 0.0
,1.0 0.0
3405,1.0 0.0
1228 373 658 24 540 104 161 408 1082 988,1.0 0.0
4315,1.0 0.0
393 3 1247 109 3582,1.0 0.0
702 1 311 60 1678 780 2 4 93 3 3733,1.0 0.0
1755 13 48 447 3886 17 1941 3807 117 3055 3546 4248 102,1.0 0.0
4320 536 318 71 2381 4288 4 991 261 303 2905 5 443,1.0 0.0
111 473 39 10 136 33 530 435 1759 832 3929,1.0 0.0
1975 1 4126,1.0 0.0
6 3863 2895 61 1030 9 515 1 3832,1.0 0.0
22 56 166 387 3437 166 387 3621 59 48,1.0 0.0
6 88 301 441 3762 1527 1485 28 423 32 7 1261 46 568,1.0 0.0
6 128 2 20 31 600 50 184 1273 20 4038 35,0.0 1.0
20 464,1.0 0.0
20 1625,1.0 0.0
1286 4187,1.0 0.0
6 418 543 13 79 1462 79,1.0 0.0
25 670 67,1.0 0.0
18 1442 2824 258 196 1 95 4230 3998 647 2 4 400 3299 87 1045 171 156 2471 125,1.0 0.0
1451 25 10 2 1621 1039 326 3 532 2,0.0 1.0
111 3054 1347 39 2332 2 60 4 682 5 1098 4 39 10,1.0 0.0
6 1973 821 1 1117 226 1 84 2 123 5 1323 327 61 33,1.0 0.0
1215 2481 201,1.0 0.0
259 701,1.0 0.0
18 756 16 1607 844 1476 1100 969 669 9 36 645 3,1.0 0.0
6 573 856 233 1945 150 3856 11 55 1570 5 241 865 91 3578 14 3867,1.0 0.0
18 29 2 728 45 43 1 53 13 866 78 1818,1.0 0.0
30 11 72 2301 50 3202 4 3036,1.0 0.0
3309 619 5 27 1 380 332 60 3447 3 4 895 3785 332 5 3239 16,1.0 0.0
13 19 222 1457 4063 240 2414 1034 17 4207,1.0 0.0
15 1934 1 4112 4 3138 2666,1.0 0.0
270,1.0 0.0
15 10 2 59 81 1843,0.0 1.0
675 32 12 562 1 46 342 3720 269 3864,1.0 0.0
2990 3508,1.0 0.0
1017 81 17 165 1578,1.0 0.0
2970,1.0 0.0
2608,1.0 0.0
16 1269 86 5 85 107,1.0 0.0
490 2575,1.0 0.0
26 10,1.0 0.0
20 464,1.0 0.0
15 135 5 26 169 2 289 27 127 1 216 496,0.0 1.0
6 3189 9 179 202 16 194 212,1.0 0.0
43 28 270 50 798 11 1187 801 1703,0.0 1.0
18 721 8 413 31 63 9 2994 920 11 147 1713 2762,1.0 0.0
105 191 2 130 3196 3 1571 521 1 1266 1803,0.0 1.0
4154 1 42,1.0 0.0
1465 193,1.0 0.0
52 210 236 24 250 57 2093 60 1511 884,1.0 0.0
254 139 1235,1.0 0.0
175 12 363 306 19 762 306,1.0 0.0
10,1.0 0.0
30 9 2615 3808 63 4358 66 40 73 33 323 3 327 520 1446 1914,1.0 0.0
2724 4 23 2039 2085 516 1 726,1.0 0.0
6 315 725 5 566 37 3 10 1 4257 2 24 22 1 45 1356 10,0.0 1.0
16 12 3291 102 1812 132 119 155 2812 113 260,1.0 0.0
472 871 12 3760,1.0 0.0
1275 328 2 123 5 1924 735 926 3 1715,1.0 0.0
317 167 19 132 21 251 13 2494 3916 1901 875,1.0 0.0
212,1.0 0.0
18 128 2 39 240 22 28 118 981 1 208,0.0 1.0
3528,1.0 0.0
1407,1.0 0.0
94 386 43,1.0 0.0
188 29 9 1470 99 117 14 8 13 47 16 3456 652,1.0 0.0
833 3705,1.0 0.0
140 12 628 288 106 203,1.0 0.0
182 1088,1.0 0.0
6 174 2 437 778 3 398 116 1 3527 190,0.0 1.0
6 1218 128 2 4 184 136 1 1219 16 4 868,1.0 0.0
492 167 85 273,1.0 0.0
6 53 894 822 17 2943 45 571 5 709 61,1.0 0.0
6 2529 1723 790 998 2 4 3896 3 100 3082,0.0 1.0
55 1386 917 1640,1.0 0.0
6 25 97 3 543 310 1698,0.0 1.0
1962 199 1718,1.0 0.0
642 740 7 1433 893,1.0 0.0
1160 1007 1584 375 684 1220 384 123 162,1.0 0.0
18 88 4 57 332 1227 5 3058 573 4 2512 469 11,1.0 0.0
111 524 8 113 290 27 3631 262 636 11 245 269 7 8 261 55 2 44 226,1.0 0.0
2986 400 1305,1.0 0.0
154 775 31 3 60 4023 121 3718 44 747 250 3 130,1.0 0.0
18 1180 8 27 3 83 7 530 53 17 210 435 8 63 7 323 3 327 520 1446 4256 1662,1.0 0.0
6 1400 3459 794 8 1379,1.0 0.0
283 2307,1.0 0.0
6 75 4167 97 1 252 11 10 28 665 901 137 2443 75,0.0 1.0
502 442 64 787 343 138 138 49 64 383 8 463 1739 4022 8 463 49 787 49 204 8 591 49 64 383 12,1.0 0.0
665 41 367 658 373 1670 57 1032,1.0 0.0
482 507 1925 195 1602 55 1143 278 4061 1099 2 72 905,1.0 0.0
762,1.0 0.0
2128 838 4125 2044 4190 2876 1418 1772 1191 1373 1800 3090 1418 577 2292,1.0 0.0
6 302 494 7 555 186 404 109 612 22 109 734 2 123,1.0 0.0
1140 1 709 247 5 1327 5 26 2 8 145 1 276 589 839,0.0 1.0
6 403 19 100 17 161 41 16 2422 3845 1009 3326,1.0 0.0
1562,1.0 0.0
199 4353 182 1736,1.0 0.0
491 484 221,1.0 0.0
1324 456 2531 122 21 971 1016 1003 286 733 1466 1358 212 3388,1.0 0.0
1884,1.0 0.0
105 133 31 63 1790 460 982,0.0 1.0
111 307 8 51 2546 3106 7 4 1416 66 134 1583 882 2060,1.0 0.0
316 834 40 8 46 139 3777 66 40 73 5 3009 1394 129 1563 3251,1.0 0.0
64 677 128 9 328 5 26 11 359 8 81 932 671 1 3521 4 407,1.0 0.0
111 236 51 32 7 2917 193 3 4 714 33 29 9 3558 92 272,1.0 0.0
810 4286,1.0 0.0
6 403 2 100 41 16 2906 538 3 92 1 636,1.0 0.0
4041,1.0 0.0
210 236 1810 7 638 196 2 3741 9 2946 346 3274,1.0 0.0
316 3259 40 8 508 546 23 66 607 609 3026,1.0 0.0
2287 2496,1.0 0.0
1475 1223 12 563 58,1.0 0.0
112,0.0 1.0
1017 201 40 8 71 7 1019 1 822 5 375 4 480,1.0 0.0
16 3953 5 2225 3451,0.0 1.0
6 169 1749 9 4 647 311 56 2040,0.0 1.0
1650 7 4 3754 159 39 240 32 280 618 225 477 1 231 3414,1.0 0.0
371 25 670 67,1.0 0.0
2519,1.0 0.0
6 2566 17 248 3498 396 3626 229 329 511 870 17,0.0 1.0
3946,1.0 0.0
18 3882 1797 2979 2 286 7 229 696 2 996 1 3373 863 1 3384 179 829 2 1086,1.0 0.0
1903 1315 3386 129 22 7 424 2 281 20 3120,1.0 0.0
718 48 2 160 32 1 93 3 61 68 28 4,0.0 1.0
1507,1.0 0.0
896 1832 116 91 12,1.0 0.0
112,0.0 1.0
6 30 14 23 48 89 3843 3809 80 16 189 108 5 143 1249,1.0 0.0
244 7 4 71 39 966 1 39 1207 3113 2903,1.0 0.0
372 767,1.0 0.0
316,1.0 0.0
52 135 5 596 781 1079 1 432 9 544 467 603,1.0 0.0
168 305 379 25 597 67,1.0 0.0
6 88 254 1213 2973 201 7 2685 3695 262 782 5 254 33 3455,1.0 0.0
192 137 42 271 208 118 793 802 793 1097,1.0 0.0
42 401 4 313 216 1 329 706,0.0 1.0
3285 1773 3 639 10 14 24 23 48 2 859,0.0 1.0
23 551 124 500,1.0 0.0
13 425 330 458 830,1.0 0.0
15 30 11 2429 3352 882 1652 1 4254,0.0 1.0
613 87 1157 228,1.0 0.0
4157 711 2865 609 4304 2249 2142 1 2811 9 2576,1.0 0.0
35 319,1.0 0.0
1469 61 738 803,1.0 0.0
6 25 495 42 17 885 51 43 1 3132 3443,0.0 1.0
41 3040,1.0 0.0
175 12 170 167 5 85 107,1.0 0.0
1 77 11 104 1 168 28 3216,0.0 1.0
297,0.0 1.0
15 54 417 3303 1599 3281 1355 1 1692 2248 7 54,0.0 1.0
81 1 269 221 201,1.0 0.0
6 3551 547 230 7 4 58 83 717 508 2321 2541,1.0 0.0
5 26 2 8 145 127 78 1164 114 1 34,0.0 1.0
3734,1.0 0.0
904 1 779,1.0 0.0
249 406 1 4198 3184 210 30 11 113 68 7 171 406 1,1.0 0.0
137 109 379 131 716 2878 225 208 2829 209 3284 3050,1.0 0.0
95 109 113,1.0 0.0
4 39 134 2567 195 180 1 46 33 1211 4 1059 4 39 134 154 1390,1.0 0.0
234 4333 1370 4124 507 254 894 1 262 3955 1176 5 144 3954,1.0 0.0
1376 682,1.0 0.0
56 166 828 59 76 31 387,1.0 0.0
237 31 3666 399,1.0 0.0
1274 561 3662 212 1766,1.0 0.0
133 150 12 744,1.0 0.0
6 191 2 439 808 1 196 9 893,0.0 1.0
4017 1204 382,1.0 0.0
56 166 387 3313 59 76 31 387,1.0 0.0
2272 834,1.0 0.0
23 680,0.0 1.0
267 10 2 53 68 7 351 1 1181 568,0.0 1.0
115,1.0 0.0
6 125 8 290 3 245 1018 275 1018 1335 890 1 2243 890 2,1.0 0.0
333,1.0 0.0
6 25 97 3 24 3368 2965 126 3157 3015,1.0 0.0
64 258 564 223 9 4 3147 19 898 410 14 61 1159 4127 3123 1610 1836 396 2858,1.0 0.0
6 128 2 640 3 59 1537,0.0 1.0
1864,1.0 0.0
6 3223 357 16 2227,1.0 0.0
180 2819 581 12,1.0 0.0
105 10 2 640 35 3860 75 301 2025 3230 4312,0.0 1.0
6 53 3548 82 822 5 3834 4 94 33 318 2548 4362,1.0 0.0
636 1 2632 4 1176 3 1110 125 3469 198 2111,1.0 0.0
15 1495 389 197 99 117 194 19 188 29 14 178 230 431 534,1.0 0.0
492,1.0 0.0
6 3757 4 1279 2836 81 33 1589 2712 76 2267 7 549,1.0 0.0
626 1152 771 21 210 236 4 1152 771 200 7 3982,1.0 0.0
20 255 12 1128 559 133,1.0 0.0
1093 49 390 1051 5 1025 195 46 23 829 7 3383 1 154 1528 8,1.0 0.0
84 633 7 156,1.0 0.0
742 1735 308 1760,1.0 0.0
2921 17 3473 496,0.0 1.0
22 298 3046 718 48,1.0 0.0
565 1179 40 8 266 1573 66 2618 1275 1,1.0 0.0
335 286 1383 2079 122 21 1290 1016 1003 286 733 1466 2270 212 4093,1.0 0.0
2759 44 40 154 4 179 5 1631 36 147 3130 31 139 78 2309 318,1.0 0.0
4305 3999 182 1663,1.0 0.0
2024 462 850 1 9 8 218 5 507 648 33 197 1 435 51 56 1 43,0.0 1.0
1653 2974,1.0 0.0
6 191 2 53 24 68 28 654 295 231 1 270 50,0.0 1.0
171 406 7 4 342 66 607 4 39 1002 7 26 1 3420 2 407 751,1.0 0.0
1008 22 434 99 117 2603 108 19 528 3282 13 22 47,1.0 0.0
26 10,1.0 0.0
6 2539 13 47 89 1251 1095 2010 80 1331 19 85 107,1.0 0.0
35 42,1.0 0.0
453,1.0 0.0
4 1303 50 2341 1 4049 3906 7 2763 2224 525 177 2577 16 318 351,1.0 0.0
1160 1007 1584 375 684 1220 384 123 162,1.0 0.0
191 2 120 1 435 2154 4296 4218 266 1392 5 1065,0.0 1.0
320 736,1.0 0.0
656 56 10 4335,1.0 0.0
1576 3506,1.0 0.0
6 28 59 76 14 8 70,1.0 0.0
18 244 7 1546 98 28 1318 8 1807 1494 66 518 2 339 3109 33 3049 2199,1.0 0.0
789 2365 23 48 2673 1571 2346 3514,1.0 0.0
67 2940 1361 3336,1.0 0.0
537 2916 600,1.0 0.0
83,1.0 0.0
6 2598 1995 494 7 3534 293 3 186 1011 1 2631,1.0 0.0
6 3878 37 3 264 10 2 4 160 126 580 1 237 3 13,0.0 1.0
115 63 21 3702 376 104,1.0 0.0
15 152 253 693 5 958 45 16 428 1555,1.0 0.0
24 1321 225 1844 58 629 208 151 1724 3708 2472 2758 1 2257,1.0 0.0
103,0.0 1.0
867 1201 152 986 631 152 868,1.0 0.0
633 2 250 604,1.0 0.0
3989 826 45 1 234 4 1463 498 4019 3512 7 1551 491 484 129,1.0 0.0
114 297,0.0 1.0
34 148,0.0 1.0
90 17,1.0 0.0
22 27 5 529 3776 1513 17 419 91 1906 14 3883,1.0 0.0
35 178 576 177 1255 827 1 518 405 1 439 215 899,1.0 0.0
3795 412 4 3684 233 100 11 289 3979 1 321 748 2875 223,1.0 0.0
647 311 3920 25 597 108,1.0 0.0
6 703 1 394 3 4 1493,1.0 0.0
6 70 12 228,1.0 0.0
2087 2737 3167 3670,1.0 0.0
267 390 1051 5 1271 8 3262 1 144 4 179 149 3 4 94 5 26 9,0.0 1.0
20 304,1.0 0.0
15 655 4 820 326 28 2123 5 4247 51 2932,1.0 0.0
6 914 831 25 38 3 151 118 541 1287 1116,1.0 0.0
18 1313 3074 3463 5 1953 51 347 1 355 82 11 227 3571,1.0 0.0
1592 2397 1049 189 102 19 132,1.0 0.0
910 283 2311,1.0 0.0
175 363 74 19 85 107,1.0 0.0
18 228 45 156 9 24 274,0.0 1.0
844 1753 561 2939,1.0 0.0
18 16 1150 5 883 37 369 8 187 3 72 101 3610 121 1629,1.0 0.0
8 730 335 441 63 5 908 1522 33 3542,1.0 0.0
36 662 94 1363 33 3641 1519 17 4278 1519,1.0 0.0
321 1860 1529 16 170 167 5 1144,1.0 0.0
519 13 47 447 341 1568 1058 143 3671 1269 74,1.0 0.0
3847,1.0 0.0
6 25 97 3 3874 46 1 739 784 165 2891 1 160 121 2861 4165 1 4119,1.0 0.0
119 83 37 95 620 512 113,1.0 0.0
15 1423 197 146 99 117 194 19 30 14 617 230 16 143 481 5 377,1.0 0.0
148,0.0 1.0
1572,1.0 0.0
3064 3767 4211 3838 2280 2968,1.0 0.0
3 1490 154 30 11 2934 1 318 1490,1.0 0.0
18 29 2 181 932 22 2 158 2431 127 9 3169 181 270 50,1.0 0.0
444 919 221 17 3761,1.0 0.0
372 941 800 12 1229,1.0 0.0
6 67 516 19 1889,1.0 0.0
52 54 613 1 2954 4141 4001 69 1444 3308 3340 512,1.0 0.0
15 41 191 2 371 1577 1510 131 3814 209 87 1 1264,0.0 1.0
199 2599 2125 3023 2325 509 2605,1.0 0.0
3158 3581 133 3 3520 24 2373 1478 16 451 1105 360 4268 4151 1742,1.0 0.0
3431,1.0 0.0
73 7 2 659 9 783 1126 3222 3993,1.0 0.0
15 30 11 3614 4144 1 285 3457 625,0.0 1.0
1071 594 19 2386,1.0 0.0
613 163 1318 3042,1.0 0.0
978 1325 193 95,1.0 0.0
13 92 560 2274 232 994 2846 2197,1.0 0.0
2329 3511 252 11 560 1 156 77 9 458 1267 1681,1.0 0.0
569 2161,1.0 0.0
910 283 3353,1.0 0.0
316 28 296 1184 609 134 1828 3556 1 1680 548 222 211,1.0 0.0
23 238,1.0 0.0
585 913,1.0 0.0
20 1342,1.0 0.0
6 115 63 12 606 3025,1.0 0.0
105 10 9 654 295 136 1 32 1787 38 3 621 3594 1750,0.0 1.0
209 1840 673,1.0 0.0
138 565 49 463 463 138 343 591,1.0 0.0
144 2768 1 903 401 4 329 1308,0.0 1.0
16 5 723 3 94 314,1.0 0.0
1587,1.0 0.0
415,1.0 0.0
2728,1.0 0.0
175 1145 492 74 21 85 107 1626 122 1087 513,1.0 0.0
2823 575,1.0 0.0
322 112,1.0 0.0
530 598 457 1 3607,0.0 1.0
2813,1.0 0.0
6 128 2 60 1221 3 398 121 184 160 385 126 13 22 1,0.0 1.0
6 789 330 1266,1.0 0.0
133 150 391 982,1.0 0.0
638 598 2781 93 7 289 676 1 2952 1393 568,1.0 0.0
6 13 47 89 1316 470 80 2894,1.0 0.0
1378 3 4236 1 2619 1580 3362 2786 3897 44 40 8 3094 783 1126 1879,1.0 0.0
69 2859 2146 1 3503 2665,1.0 0.0
6 128 2 326 3 181 1560 17 655 44 28 2192,0.0 1.0
3133,1.0 0.0
502 442 64 787 343 138 138 49 64 383 8 463 138 1700 383 64 502 138 49 138,1.0 0.0
259 674,1.0 0.0
858 72 897 1 882 705 243 3517 121 4299 2221 4287,0.0 1.0
819 21 2073 2691,1.0 0.0
5 2995 8 2440 114 2 8 145 1 3940 127 1 5 3880 62 256 3122,0.0 1.0
552 668,1.0 0.0
55 173 31 3121 275 3592 2 2850 19 2278 557,1.0 0.0
1190 970 817 566 1603 951 1427 577 337 83 1374 1405 1609 1322 755,1.0 0.0
4 141 3844 82 76 238 65 1297 2 159 5 159 200 22 775 16 97 4 556 21 1252 471,1.0 0.0
996 1204 382,1.0 0.0
52 2750 49 1053 50 5 694 2314 2 13 77 998 2 690,1.0 0.0
13 3547,1.0 0.0
432 101 4064 2863 1551 3782 279 9 254 129 72 2515,1.0 0.0
52 3821 97 3 4 2800 46 22 340 284 1 133 150,1.0 0.0
1214 38 2 227 1 3965 1658,0.0 1.0
103,0.0 1.0
6 229 635 227 1 176 268 648,1.0 0.0
105 3715 2056 276 1286 25 495 42 1 177 25 26 1420,0.0 1.0
57 12 1656 774,1.0 0.0
65 1297 2 159 5 159 200 22 775 16 97 4 556 21 1252 471 198 355 21 32 523,1.0 0.0
6 3001 2834 2 13 92 16 2367 538 3 41 9 1777 3840,0.0 1.0
1824 2945 805,1.0 0.0
4184 138 3010,1.0 0.0
1825,1.0 0.0
1332 310 12 3602 4244,1.0 0.0
678 590 23 76 1309 590 201 422 352 999,1.0 0.0
133 150 376 27 408 76 3374 399,1.0 0.0
992 3118,1.0 0.0
437 326 26 292 5 3569 1624 4364,1.0 0.0
250 1573 1267 232 1300 3606 162,0.0 1.0
1530 382 2109 698,1.0 0.0
2484,1.0 0.0
333,1.0 0.0
6 863 2 54 3268 473 33 3438 2426,1.0 0.0
1562,1.0 0.0
645 2693,1.0 0.0
20 992 389 360 4085 23,1.0 0.0
843 204 608 59 608 168 433 1209,1.0 0.0
96 12 3987 209 285 2545,1.0 0.0
255 2015 21 3097 4264 3927,1.0 0.0
927 31,1.0 0.0
205 12 1920 40 173 82 1063 49 390 1764 1093 14 8 13,1.0 0.0
1240 2345 23 157 24 23 22 17 45,1.0 0.0
5 462 174 1623 2 4 44 788 525 40 50 8 1394 66 2714 906,1.0 0.0
62 1452 14 36 216 1056 2 65 20 125 5 720 5 4 22 3 4,1.0 0.0
34 112,0.0 1.0
3382,1.0 0.0
2140 295 3605 2171 9 153 248 17 100 136 334,0.0 1.0
57 4031 1 3272,1.0 0.0
1417 12 3981,1.0 0.0
46 21 199 2499 4197,1.0 0.0
15 28 285 220 5 958 45 16 428 1 4325 198 8 4359 975,1.0 0.0
534 86,1.0 0.0
1215 469 1282,1.0 0.0
13 12 1619 4213 2198 2255 2711 2265 166 387 17 1504,1.0 0.0
2281,1.0 0.0
3479,0.0 1.0
1289 275 17 3129,1.0 0.0
207 1506,1.0 0.0
205,1.0 0.0
70 73 12 163 3758,1.0 0.0
1132 1 1616 65 23 40 1015 33 216 1044 14 169 14 246,1.0 0.0
898 3 611 2 3238,1.0 0.0
2910 2820 3396,1.0 0.0
299,0.0 1.0
6 713 880 1 3975,0.0 1.0
,1.0 0.0
18 153 221 1848 14 1754 33 62 257 1 34 1651,0.0 1.0
444 919,1.0 0.0
1455 1600,1.0 0.0
18 217 3 92 2822 1 3243 16 1847 92,1.0 0.0
192 3579,0.0 1.0
139 12 58 247,1.0 0.0
134 816 656 46 2256,1.0 0.0
6 2131 1520,1.0 0.0
217 3 92 2 324 275 16 3115 630 3163 9 3525 2 3564,1.0 0.0
35 42 658 373 392 559 1014 118 364 69 475 367 3047,1.0 0.0
446 325,1.0 0.0
90 12 48,1.0 0.0
265 344,1.0 0.0
4280 13 77 1 181 690,0.0 1.0
6 405 55 773 5 2019 4 165 598 165 877 4155 1200,1.0 0.0
249 1422,1.0 0.0
869 2595 73 2 65 23 91 691 69,1.0 0.0
1 13 213,0.0 1.0
4111 1268 433 38 3 231,1.0 0.0
961 2941 426 7 3719 3155,1.0 0.0
662,1.0 0.0
116 710 4174 710 557,1.0 0.0
4239 2003 4123 524 586 3 4 638 1 554 1987 292 899,1.0 0.0
1291 1482 1067 19 1122,1.0 0.0
18 1660 51 4087 7 3935 1 4088 1424,1.0 0.0
322 3119 92 630 1410 2857,1.0 0.0
94 341 389,1.0 0.0
214 199 2708,1.0 0.0
20 464,1.0 0.0
94 386 43,1.0 0.0
2436 496 5 26 11 164 196 1 196 1257 11 3997,1.0 0.0
,1.0 0.0
367 1 3934,0.0 1.0
15 29 319 11 163 1809 1 59 599 70 3422,0.0 1.0
6 120 39 3818 28 3973 82 3537 45 3731,1.0 0.0
118,1.0 0.0
2421 194,1.0 0.0
462 174 27 2 728 45 1 1356 49 125 244 7 437,1.0 0.0
182 3572,1.0 0.0
175 12 1310 102 5 170 102,1.0 0.0
52 2604 3 3887 27 2 4 1063,1.0 0.0
34 3726 904 109 989 858,1.0 0.0
1029,1.0 0.0
52 25 252 11 10 2 116 243 72 905 65 1618 27,0.0 1.0
263 1883 1622 402 395 665,1.0 0.0
111 3464 9 459 2646 3677 1398 1184 1853 272 1 529 1856,1.0 0.0
6 424 1114 179 281 384 427 2 938 26 1243 11 206 1611 579,0.0 1.0
6 176 268 3943 2138 2366 411 468 1 3803 449 5,0.0 1.0
35 478 3813 21 242,1.0 0.0
1977 3492 2513,1.0 0.0
,1.0 0.0
632 477 57 475 1116,1.0 0.0
1386 917 4036 79 99 117 2201 755,0.0 1.0
6 807 494 401 2779 555 1959 612 33,1.0 0.0
521 330 2703 3899,1.0 0.0
18 30 2 3717,1.0 0.0
20 1369 1468 936,1.0 0.0
34 148,0.0 1.0
6 270 514 798 11 1187 801 3667,1.0 0.0
178 90 5 1612 4 55 653 23 2303 9 725 3825,1.0 0.0
569 2976 2390 4355 4250,1.0 0.0
3072,1.0 0.0
430 331 368,1.0 0.0
2835 3304,1.0 0.0
1319 1757 44 607 8 3854 150 1299 3,1.0 0.0
4026,1.0 0.0
374 21 1946 1502 1 2950 2211 1 2602 406 3 2051 394 7 3371,1.0 0.0
6 1195 4 1708 375 1591 604 2326 4 3450 4160 146 378,1.0 0.0
119 1138 260,1.0 0.0
267 38 2 53 24 82 23 1 929,0.0 1.0
3301 131 854 87 1157 168 305 1108 458 209 1380 2175 415,1.0 0.0
421 1301 2914 2700,1.0 0.0
2709 43 99 4066 2078 3611,1.0 0.0
6 56 514 1743 330 3524 228 3638 87 59 3084,1.0 0.0
356 1229,1.0 0.0
1230 1340,1.0 0.0
18 32 3 3766 350 7 549 282 497 121 7 1553 1 1406 929,1.0 0.0
3484 45 1 747 451 281 221 11 1306,1.0 0.0
15 449 5 432 245 1333 426 50 1080 466 2955 879 253 1 2052,0.0 1.0
3649 69 946 102 69 2217 102 69 4267 69 3737 69 3985 69 3751 69 4324 167,1.0 0.0
90 12 48,1.0 0.0
207 3872 3267,1.0 0.0
205 12 525 40 8 71 82 2219 1363 2231 493 49 390 8,1.0 0.0
96 131 225 572,1.0 0.0
6 29 2354 11 459 336,1.0 0.0
118 541 1287 842 271 837,1.0 0.0
2104 4 3505 2075 2194 1425 1775 1 429 4 1845 40 660 1062 524 4,1.0 0.0
105 1388 8 153 304 7 94 11 8 1153 61 1 2203 510,0.0 1.0
217 3 92 846 533 19 2379,1.0 0.0
3487 124 683 124 985 2447,1.0 0.0
65 23 1104 39 1695 429 4 46 1944 125 2959 1 39 1084 5 384 44,1.0 0.0
2719 3 68 14 4094 2 4 3501 5 287 5 4 3544 288 1,1.0 0.0
1175 1437 881 601 922 909,1.0 0.0
4146 1937 650 277 74 1272 202,1.0 0.0
6 976 16 382 2 959 9 1899,1.0 0.0
546 391,1.0 0.0
18 732 4 44 612 3 4 94,1.0 0.0
3038,1.0 0.0
3618 1720 307 8 621 45 545 1 173 57 5 432 289 4 4293,1.0 0.0
43 12 801,1.0 0.0
1407,1.0 0.0
137 96 21 821 69 103 204,1.0 0.0
18 29 38 2 4106 57 5 940 562 299,0.0 1.0
64 2789 219 1 3465 2485 19 626 886 3 472 7 439 149 1873 4294,1.0 0.0
24 23 55 653 263 354 487 364 1564 1408 479,1.0 0.0
197 3907 447 108 5 2984,1.0 0.0
175 12 142 86 19 132,1.0 0.0
119 1089 306 5 1144,1.0 0.0
1131 3790 909,1.0 0.0
2988 879 40 36 147 23 7 361 1 362 4105 2411,1.0 0.0
6 2275 712 2621 401 4 20 33 3568 537 3540,1.0 0.0
137 96 103 402 373 602 58,1.0 0.0
469 221,1.0 0.0
644 4354,1.0 0.0
27 349 12 155,1.0 0.0
1021 206 949 1021 4020 879 206 1350 2068 7 4 185 5 2342 4 2176,1.0 0.0
456 1 107 388 436 1,1.0 0.0
26 10,1.0 0.0
2884 17 2872 1278 2 623 1165,1.0 0.0
41 73 1259 69 87 3057,1.0 0.0
24 23 55 653 263 354 487 364 1564 1408 479,1.0 0.0
265 136 3 544 501 2470 1 1679 44 9 101 3247,1.0 0.0
1492,1.0 0.0
2081 1933 1151 92,1.0 0.0
35 42,1.0 0.0
438 1402 1488 114 2 8 224 295 127 493 62 38 1 42 134,0.0 1.0
483 161 489,1.0 0.0
340 284 3290,0.0 1.0
704 21 176 3928 415 209 1566 2364 32 4183 158,1.0 0.0
,1.0 0.0
322,1.0 0.0
634 472 300 4108 1533 770 1533 1 2254 3395 770,1.0 0.0
575 23 22 28 371 604,0.0 1.0
15 25 455 2871 42 1 36 4054 27 1561,0.0 1.0
157 457 93 1 1397,0.0 1.0
1435 40 147 246 226 1101 299 66 412 5 358 246 360 739,1.0 0.0
6 692 614 676 7 351 1 1181,1.0 0.0
15 505 9 1404 983 537 1237 33 809 13 557 2 3653 7 424,1.0 0.0
360 266,1.0 0.0
3729,1.0 0.0
236 937 266 200 7 4 2112 3 4 71,1.0 0.0
6 229 97 3 3950 715 2752 146 1 1070 2745,0.0 1.0
3692,1.0 0.0
299,0.0 1.0
139 12 54 2435,1.0 0.0
1455 1600,1.0 0.0
3941 831 4204 635 2046 3622 17 3561 161 42,0.0 1.0
3500,1.0 0.0
6 188 29 14 519 13 47 9 913,0.0 1.0
2473 3033 21 132,1.0 0.0
15 263 103 402 395 58,1.0 0.0
207 1506 182 1088,1.0 0.0
9 44 667 31 27 5 302 8 385 7 123,1.0 0.0
234 8 25 384 427 1329 1581 1399 7 1120 1582 813,0.0 1.0
2687 74 5 142 3742,1.0 0.0
,1.0 0.0
154 30 2 973 1 965 804 3 4 574 125 4 187 3 32 14 169 14,1.0 0.0
6 4339 2733,1.0 0.0
1230 605 2977,1.0 0.0
6 661 37 768 3 264 10 2 1133,0.0 1.0
6 251 13 47 89 1548 2168 80 1617 19 1331,1.0 0.0
20 1342,1.0 0.0
1972 470 3379,1.0 0.0
34 1391 309 37,1.0 0.0
732 3585 3453 600 89 2178 776 911 2 1639 887 84 3410,1.0 0.0
105 578 2 29 9 72 43 50 131 854 550 716 2008 3021 209 4300 452,0.0 1.0
300 1984 1940 2013 9 101 3664 925,1.0 0.0
15 450 1505 79 321 465,1.0 0.0
350 73 12 930 3139 7 4170 621 211 350 2746 40 73 2 901 833 127 238,1.0 0.0
15 70 425 163 420,1.0 0.0
6 722 5 954 1295,1.0 0.0
1829 20 1159,1.0 0.0
20 255 12 1128 2522 852,1.0 0.0
104 743 168,1.0 0.0
15 4095 227 1 248 14 169 14 176 268 334,0.0 1.0
678 590 23 76 1309 590 201 422 352 999,1.0 0.0
1511 3306,0.0 1.0
70 228 1 2509,1.0 0.0
304 148,0.0 1.0
357 2 964,1.0 0.0
584 29 14 35 1068 2 386 43 16 95,1.0 0.0
52 29 14 187 3 2739 24 56 325 2420 2362 1,1.0 0.0
25 38 3 32 1048 9 256 2220 50 3332 769 4234 769 3151,1.0 0.0
111 219 4 253 120 1 31 7 666 287 45 31 139,1.0 0.0
3861,1.0 0.0
88 1500 5 144 73 2 60 4 4101 3246 152 253 5 746,1.0 0.0
,1.0 0.0
15 332 83 37 3 10 2 54 46 23 213,0.0 1.0
6 1932 1168 294 21 172,1.0 0.0
18 413 31 63,1.0 0.0
1587,1.0 0.0
6 97 3 1294 501 1085 50 2288 1 3261,0.0 1.0
52 10 29 9 3759 45 832 152 1 285 28 2318 2852 3076,1.0 0.0
6 188 29 14 251 47 41 2 2057 811 84 321 465,0.0 1.0
251 63 47,1.0 0.0
6 1826 12 3367,1.0 0.0
127 12 118 225 1976 2150,1.0 0.0
452 3194 2151 1599 2352 3175 3499 3179 536 367 3596 75 38 3 928,1.0 0.0
175 12 4033 242 19 143 242,1.0 0.0
143 86 21 539,1.0 0.0
18 30 243 835 11 53 347 50 3793 3690 1330 5 3188 123 2686 162 154 75,1.0 0.0
2137,1.0 0.0
263 192 58 2049 204 2445 1981 4196,1.0 0.0
849 1020 21 210 3059 8 2266 5 8 76 9 4 849 3 4 3260 3958 78 4,1.0 0.0
2949 7 62 81 1 397 8 1965 294 7 4 407,1.0 0.0
21 309 37 3 10 2 233 3696 17 61 945,0.0 1.0
200 22 603,1.0 0.0
6 4245 894 803 17 2100 471 2 4 2388 3711,1.0 0.0
1035,1.0 0.0
6 153 310 38 2 1156 46 211 31 1 3439,0.0 1.0
4091 918 1449 2571 2368 764 3848 498 5 4284 2334 1762 80 21 3634,1.0 0.0
2622 3327,1.0 0.0
561 1272 202,1.0 0.0
453,1.0 0.0
20 723 374 7 61 1330 2297,1.0 0.0
3663 811 13 84 79 99 117,1.0 0.0
157 457 93 1 580 9 623 824 1525 1401,0.0 1.0
18 291 13 47,1.0 0.0
10,1.0 0.0
4318 575 2317 874 3387 67,1.0 0.0
3783,1.0 0.0
34 10,0.0 1.0
2929 716 58 4138 550 854 3067 504 415,1.0 0.0
366 217 2 31 3018 16 1270 286 3 31,1.0 0.0
114 103,1.0 0.0
259 1492,1.0 0.0
4328 1579 4134 4057 2 4185 252 11 10 3 381 141 23 76 1 352,1.0 0.0
2037 5 164 8 114 9 261 1077 3 3039 127 9,0.0 1.0
1 171 13 68 2881 278 1036 2072,1.0 0.0
2723 1897,1.0 0.0
6 319 5 681 1109 448 1 543 310 1112,0.0 1.0
114 297,0.0 1.0
317 108 19 539,1.0 0.0
1516 87 1491 163 488 59 76 2308,1.0 0.0
5 1271 36 140 3 25 4311 78 218 2133 1 1027 62 42 1139 1 1886 247 8,0.0 1.0
1334,1.0 0.0
140 12 628 288 106 203,1.0 0.0
2400,1.0 0.0
1335 2650 3045 3894,1.0 0.0
105 25 10 2 93 1 77 3 24 84 28 152 82 627 49 75 369,0.0 1.0
193 95 3 95,1.0 0.0
6 29 14 8 48 2 53 3016 220 1 156 3,1.0 0.0
1140 1 709 247 5 1327 5 26 2 8 145 1 276 589 839,0.0 1.0
15 153 622 10 2 902 1 448 303 486,0.0 1.0
1475 1223 12 563 58,1.0 0.0
457 686 300 3345 1419 1748 303 2721 1868,1.0 0.0
6 133 150 63 942 531 399,1.0 0.0
379 96 305 379,1.0 0.0
1033,1.0 0.0
27 349 12 155,1.0 0.0
35 1741,1.0 0.0
65 23 1534 5 967 1 1458 685 358 246 679 375 123,1.0 0.0
18 30 14 8 230 731 89 1177 16 3086 5 2938,0.0 1.0
3041 4147,1.0 0.0
2699,1.0 0.0
314 12 351 48,1.0 0.0
818 3962,1.0 0.0
52 88 831 25 24 250 57 28 1186 1518 2663 66 1674 60,0.0 1.0
,1.0 0.0
6 635 462 2304 3148 34 9 889 776 2 41 811,0.0 1.0
15 4302 2 120 1 53 59 2855 1615 1125 1372 3070,1.0 0.0
119 2549 260,1.0 0.0
24 467,1.0 0.0
916,1.0 0.0
15 702 9 2783 1 3031 5 241 78 4 532 78 91 3103 2 399 91,1.0 0.0
222 68 1 13 2634 121 24 84 1483 423,0.0 1.0
215 39 1485 198 4 586 1463 1 3478 3978 39 1780 4156 154 369,0.0 1.0
21 661 37 3 10 2 1712 71 31 17 61 213,0.0 1.0
15 3745 34 315 313 3966 37 3 10 9 155 37 795 2 3701,0.0 1.0
4024 120 1 435 4 70 14 592 4 184 3 4 336,1.0 0.0
15 411 468 9 135 5 2489 51 43 9 2920 1 3400,0.0 1.0
850 1 8 25 27 2348,0.0 1.0
1359 2635 211 2782 19 252 11 1359 426 1 57 292 32,1.0 0.0
1994 765 80,1.0 0.0
6 88 4 581 193 9 8 200 791 237 1299 5 293 1 977 3656 1781,1.0 0.0
119 95 122 1667,1.0 0.0
26 10 21 113 37,1.0 0.0
112,0.0 1.0
6 184 136 1 1502 7 703 9 55,1.0 0.0
27 349 12 3816,1.0 0.0
657 3 3293 1 5 437 4 619 4 39 218 75 5 1461 16 4,1.0 0.0
78 49 4249 5 694 918 526 3 378 2284 1390 3350 5 1429 1 694 164 11,1.0 0.0
1459 542,1.0 0.0
1919 298 17 2518 12 59 1 38 345 1935 116,1.0 0.0
1851 2077 3215,1.0 0.0
207 1881,1.0 0.0
182 1765,1.0 0.0
,1.0 0.0
10,1.0 0.0
1241 31,1.0 0.0
49 915 8 13 48 9 3481 37 3 10 2 53 68 9 24,0.0 1.0
26 183,1.0 0.0
356 1862 4137 12 2805,1.0 0.0
6 38 3 28 3870 17 744,0.0 1.0
2184 3967 2511 1191 1880 3143 669 3462,1.0 0.0
26 183,1.0 0.0
1284 5 939 4 200 2 4 527 22 510,1.0 0.0
1459 542,1.0 0.0
6 3408 823 3689 79,1.0 0.0
100 41 2564 1515,1.0 0.0
64 2393 2086 11 293 2744,1.0 0.0
56 21 3616 376 166 828 3918,1.0 0.0
67 20 12 1523 84 485 7 1597 3171 485 4227 7 3380,1.0 0.0
,1.0 0.0
6 4122 1751 206 337 2336 2004 2862 1438,1.0 0.0
1917,1.0 0.0
1055,1.0 0.0
15 450 1232 146 321 465,1.0 0.0
6 174 2 1477 3923 23 198 2425 299,1.0 0.0
2299,1.0 0.0
1464 124 683 124 2092,1.0 0.0
189 86 19 170 306 1707 2 896 5 4129 123 605 901 61 22 2569,1.0 0.0
3806 31,1.0 0.0
265 344,1.0 0.0
89 1548,1.0 0.0
333,1.0 0.0
2542,1.0 0.0
120 350 3 570 250 3117,0.0 1.0
3263 1 3826,1.0 0.0
361 39 240 3348 7 1496 68 33 1557 8 258 90 2 4 32 1,1.0 0.0
2285 842 1073 124 24 422 124 830 381,1.0 0.0
3381 49 915 722 5 26 14 8 258 416 2 145 1 396 496,0.0 1.0
483 5 164 3280 1 529 44 3713 11 499 4199,1.0 0.0
434 7 22 3 964 833 4039 1529,1.0 0.0
366 990 10 2 3068 3625 53 419 1 3879 2 3093 471 28,1.0 0.0
3917 149 279,1.0 0.0
67 23 627,0.0 1.0
552 668,1.0 0.0
73,1.0 0.0
3002 3502 1013 4323,1.0 0.0
1102 1142 1075 251 13 47 1601 172 19 85 506,1.0 0.0
6 29 14 8 71 48 1 128 2 22 16 3890,1.0 0.0
239 12 291 41,1.0 0.0
3027 1307 509 2102 221,1.0 0.0
488 1875 12 1360 1311 4232 1504,1.0 0.0
35 42 258 3114 2767 3412 331 752 221 3608 2246 444 4360 2625,0.0 1.0
595 53 1 120 4 2273 4164 1927 116 14 592 13 22 413 3624,1.0 0.0
3413 2825 1134,1.0 0.0
128 2 1200 147 1001 689 61,1.0 0.0
813,0.0 1.0
15 174 46 109 54 48 576 307 1 88 1368,0.0 1.0
632 617 521 1543 617 1395 2012 4252 3902,1.0 0.0
115 63 104 2416 104 1685,1.0 0.0
20 750 2127 3530 1042 414,1.0 0.0
3700 3135 3061 214 2399,1.0 0.0
6 25 97 3 3507 4150,1.0 0.0
3942,1.0 0.0
1196,1.0 0.0
18 234 2165 190 7 227 418 1614,1.0 0.0
15 655 1023 1 164 1560 28 3650 56,1.0 0.0
1469 4 615 155 3116 3249,1.0 0.0
5 1426 4 145 239 2 13 409 78 616 1414 1632,0.0 1.0
585 16 5,1.0 0.0
569 1210 3 324 414 16 610 388 3 861 1198 2692 9 1515 2507,1.0 0.0
57 21 614 676,1.0 0.0
,1.0 0.0
105 191 2 500 24 76 2424 1400 9 124 2851 65 278 289 1197 761,0.0 1.0
23 692,1.0 0.0
41 191,1.0 0.0
35 42,1.0 0.0
283 2839,1.0 0.0
31 56 232 3397 2059,1.0 0.0
6 638 1333 17 495 42 9 4 320 5 3798 9 1341 16,0.0 1.0
2816 3 949 5 8 1690 4077 4 3101 4192 4 3563 1,1.0 0.0
1190 970 817 566 1603 951 1427 577 337 83 1374 1405 1609 1322 755,1.0 0.0
15 73 1711 3279 1806 596 1265 1 3078 2 718 5,0.0 1.0
353 481,1.0 0.0
8 2931 295 34 576 134 26 2 8 276 589 26 127 1 449 5 1336 11 281,0.0 1.0
,1.0 0.0
1436 665 57 2339,0.0 1.0
20 1364 296 688,1.0 0.0
191 11 8 445 3645,1.0 0.0
6 241 60 2235 5 4 55 91 1641 5 241 1885 923,1.0 0.0
30 11 3493 651 93 2 72 1153 2609 2772 2239 2330 1292,1.0 0.0
753 14 8 187 3 656 400 454 4132 5 1081 5 26,1.0 0.0
1154 3034,1.0 0.0
20 255 12 1472 3 56 1 253 7 4 930 81 136,1.0 0.0
2505 2670,1.0 0.0
205 21 490 323 1792 3 8 57 1 36 3781 4 57 218 144 4,1.0 0.0
517,1.0 0.0
52 135 5 1385 110 3 1541 972 1371 3 657 1166,1.0 0.0
2319 3780 481 21 643 594,1.0 0.0
738 16 1306,1.0 0.0
111 362 4 2487 3 4 1416 1 3428 11 339 4 3644 649 81,1.0 0.0
10 178 54 48,1.0 0.0
157 457 93 1 1397,0.0 1.0
41 338 131 724 504 392 152 466 3000,1.0 0.0
147 1001 394,1.0 0.0
2 952 3 3266 438 8 1148 145 1 4158 114 66 2815 234 247 9 4028 1158 5 1740 62,0.0 1.0
15 128 2 60 558 3 4 398 1606 22 340 1955 16 160 126,0.0 1.0
988 118 151 559 1 572,1.0 0.0
2196 4027 5 1612 1788 2130 4308 5 3915 2252 2 1279 2651,1.0 0.0
115 391 104,1.0 0.0
26 2804,1.0 0.0
15 10 2 29 9 420 1494 381 3361 466 3580 2684 466,0.0 1.0
404 1538 431 353 172,1.0 0.0
249 2516 337 2680 2694 2766 206 2579 3 171 406 91 3174 2,1.0 0.0
6 703 1 394 3 4 1493,1.0 0.0
6 1199 37 3 10 14 8 2372 2 100 2747 1148,0.0 1.0
119 984 260,1.0 0.0
1303 1293 1 420 975,0.0 1.0
249 464,1.0 0.0
207 1605,1.0 0.0
1982,1.0 0.0
6 443 185 616 109 262 1158 1 503 61 224 33 359,1.0 0.0
15 26 10 2 158 1536 1 1365 1196,0.0 1.0
6 1589 491 5 883 3956 1 4295 20 445 3360,1.0 0.0
1222 2 180 2 3100 1231 1869 7 3976 445 1185 4 200 607 4,1.0 0.0
20 2417,1.0 0.0
297,0.0 1.0
2868 2053 2757,1.0 0.0
259 701,1.0 0.0
2153 2090 547 58 230 3693 1284,1.0 0.0
15 25 26 2262 9 229 161 1 495 334,0.0 1.0
2991 1103,1.0 0.0
24 43 12 2058 364 3489,1.0 0.0
522 201 3 1226,1.0 0.0
1627,1.0 0.0
70 87 2444,1.0 0.0
6 763 8 408 848 553 4 3145 3 4 697 1598 287,1.0 0.0
20 750 2573,1.0 0.0
29 11 4 433 545 93 3 786 1996 360 546 63 2 66 39 618,1.0 0.0
34 10,1.0 0.0
6 547 13 181 34,1.0 0.0
265 344,1.0 0.0
345 247 8 700 3643 8 41 4103 36 54 2155 1 8 468 7 2785 3710,0.0 1.0
6 4010 14 8 626 886 3 472 7 555 4363 515 1206 190 14 8 434 3,1.0 0.0
224 393 1 3429 1 3948 935,1.0 0.0
3142 1535 2661 2242,1.0 0.0
1089 108 19 377 74,1.0 0.0
6 1952 1 88 8 1737 298 5 826 491 484 1871 4159,1.0 0.0
3404 1238,1.0 0.0
704,1.0 0.0
90 220 178,1.0 0.0
3172,1.0 0.0
3686 1489 2702,1.0 0.0
642 1354 3 101 27 482 378 667 934,0.0 1.0
913 465 1606 1064 3974 143 74 5 2810 170 172,1.0 0.0
52 348 805 1487 3 419 7 51 116 1 708 1471 7,1.0 0.0
26 10,1.0 0.0
15 25 27 416 1 135 5 1336 619 11 579,0.0 1.0
322 1 34 1263,1.0 0.0
22 325 518 101 27 2 53 323 3 4 884 3 1076,1.0 0.0
58 1121 452 802 637 1250 1366 943 69 1590 695,1.0 0.0
18 640 38 1143 4343,1.0 0.0
462 1066 13 22 34 2873 332 365 37 2 13 126 22 1 1216 229 27,0.0 1.0
1214 10 2 97 355 1 1155 2842 5 1031,0.0 1.0
818 2450,1.0 0.0
853 1 1474,1.0 0.0
89 1251 1095 3603,1.0 0.0
95 3 365,1.0 0.0
128 2 8 990 1378 3 3394 116 332 4 1412,0.0 1.0
15 2581 51 269 99 117 194 19 30 14 878 230 16 1129 102 5 142,1.0 0.0
4203,1.0 0.0
3633 1507,1.0 0.0
133 150 63,1.0 0.0
644 1182,1.0 0.0
35 674,1.0 0.0
112 3 312,1.0 0.0
42,1.0 0.0
140 12 628 288 106 203,1.0 0.0
1175 1437 881 601 922 909,1.0 0.0
814 9 864 5 210 3310,0.0 1.0
789 330 54 2360,1.0 0.0
2864,1.0 0.0
23 230 4270,1.0 0.0
4242 3891 98 99 117 142 108 19 1453 442 74,1.0 0.0
1005 2706 1022,1.0 0.0
18 1274 16 1607 844 1476 1100 969 669 9 36 645 3,1.0 0.0
453,1.0 0.0
1717 3466,1.0 0.0
729 13 1613 1285 86 21 189 1119,1.0 0.0
18 32 3 467 350 7 1553 1 1406 929,1.0 0.0
10,1.0 0.0
6 4007 79 636 17 22 3770 1462 79,1.0 0.0
283 3127,1.0 0.0
265 344,1.0 0.0
18 227 215 35 176 292 3654 759 1 2488,1.0 0.0
372 941,1.0 0.0
5 4 67 616 1 3358,0.0 1.0
366 2586 2 44 17 20 31 16 1270 286 3 31,1.0 0.0
18 1141 2129 2 202 2770 1358 212 1074 3432,1.0 0.0
478,1.0 0.0
6 1499 186 4175 71 1835 1 745 1419 33 2180 67 9 444 1 4322 3801 3968,1.0 0.0
94 386 43,1.0 0.0
20 1236,1.0 0.0
3842,1.0 0.0
3516 79 106 235 80 4169,1.0 0.0
20 205 12 44 40 36 659 82 55 20 66 2113 9 745 195 226,1.0 0.0
18 10 2 477 270 50 475 3912 3170 477,1.0 0.0
710 2596 1411 86 5 1411 172,1.0 0.0
6 38 11 45 1312 17 843 2204 32 1048 2951 769,1.0 0.0
34 148,0.0 1.0
52 10 2 699 1473 570 27 2 94 3346 1244 1367 27 2305,0.0 1.0
139 12 527 2190,1.0 0.0
265 344,1.0 0.0
15 2828 55 5 2065 2688 1 940 51 4341,1.0 0.0
851,0.0 1.0
4046,1.0 0.0
1550 874 766 67,1.0 0.0
314 12 13 48,1.0 0.0
6 450 821 79 106 203,1.0 0.0
1630 56 1569 1509 2885 3156,1.0 0.0
3370 1 2996,1.0 0.0
18 397 3969 3914 16 4 515 7 4 3722 3 26 89 341 389 106 203,1.0 0.0
29 14 20 47 89 1006 41 1337 80 16,1.0 0.0
3519 3908 892,1.0 0.0
65 23 1534 5 967 1 1458 685 358 246 679 375 123,1.0 0.0
392 2826,1.0 0.0
18 32 4089 796 3557 1004 28 3952 14 4349 1222 82 11 282 497 2726 16 685,1.0 0.0
1239 2730 578 2 54 23 692 2031 2900,0.0 1.0
